id,name,transformer_id,type,installed,sampling_rate_hz,accuracy_percent,status
MEAS-902E975F,Measurement_1,TRF-774B4B44,Temperature,24-11-15,10,1.08,Active
MEAS-A408898E,Measurement_2,TRF-CDE86A03,Power,06-06-15,100,1.33,Active
MEAS-07A0118D,Measurement_3,TRF-2EFD2BF0,Voltage,12-01-15,100,1.51,Active
MEAS-DE1ABD47,Measurement_4,TRF-BA9B0A62,Temperature,02-01-15,50,0.57,Active
MEAS-C1FA33D8,Measurement_5,TRF-3FFC832B,Temperature,08-09-24,50,0.37,Active
MEAS-CD7ED4E3,Measurement_6,TRF-DD6C935E,Power,16-01-21,50,1.58,Active
MEAS-83D15087,Measurement_7,TRF-5B5B6FA2,Temperature,16-08-20,50,0.35,Active
MEAS-DE09E2AB,Measurement_8,TRF-B3FE027F,Voltage,25-01-24,100,1.27,Active
MEAS-4DEF67DF,Measurement_9,TRF-889045B4,Voltage,13-06-22,50,0.39,Active
MEAS-F1D9F896,Measurement_10,TRF-66B22010,Current,20-05-21,100,1.56,Active
MEAS-08DBC732,Measurement_11,TRF-9A21D87E,Current,16-06-21,1,1.18,Active
MEAS-A5284930,Measurement_12,TRF-1748378B,Current,04-04-20,1,0.58,Active
MEAS-A71E4D62,Measurement_13,TRF-AC028D74,Current,13-11-18,10,0.27,Active
MEAS-C8051C5F,Measurement_14,TRF-38E0E487,Power,20-02-20,10,1.95,Active
MEAS-281C0C5D,Measurement_15,TRF-AE1BF7FB,Voltage,25-03-24,50,1.54,Active
MEAS-01D27EDD,Measurement_16,TRF-C5142599,Voltage,12-02-20,100,1.56,Active
MEAS-48999691,Measurement_17,TRF-5DD93762,Temperature,24-09-20,100,0.32,Active
MEAS-6E85BEAE,Measurement_18,TRF-89E577D6,Power,28-01-15,100,0.39,Active
MEAS-500275A6,Measurement_19,TRF-D407585E,Power,28-03-20,1,1.92,Active
MEAS-4BB66BD3,Measurement_20,TRF-ACDAAB6E,Temperature,30-05-18,1,0.72,Active
MEAS-2D76AFD6,Measurement_21,TRF-BC45C28A,Voltage,01-04-22,1,0.83,Active
MEAS-4A30933C,Measurement_22,TRF-4313F9C6,Temperature,27-07-16,100,0.49,Active
MEAS-2B415A37,Measurement_23,TRF-5E15F19D,Current,02-01-24,50,0.72,Active
MEAS-B115E3C8,Measurement_24,TRF-15A1CBB3,Power,25-05-20,50,0.92,Active
MEAS-D7C26F16,Measurement_25,TRF-4BDB6B26,Voltage,14-07-22,50,0.71,Active
MEAS-850107EC,Measurement_26,TRF-FF6AF00B,Temperature,02-07-20,100,1.41,Active
MEAS-FE20FB92,Measurement_27,TRF-9A0DAAB8,Current,14-09-21,10,0.3,Active
MEAS-6B446381,Measurement_28,TRF-04136431,Power,15-01-23,10,0.43,Active
MEAS-FBFFC0CB,Measurement_29,TRF-863D6434,Power,13-01-17,10,0.48,Active
MEAS-70728A7F,Measurement_30,TRF-A8237014,Voltage,08-04-19,50,0.84,Active
MEAS-133A98C8,Measurement_31,TRF-AFAA1F0A,Current,23-04-17,1,1.96,Active
MEAS-5E6EB1EB,Measurement_32,TRF-9A52C354,Temperature,07-02-24,50,1.62,Active
MEAS-37177DEC,Measurement_33,TRF-49D8A5CA,Temperature,18-08-17,10,0.5,Active
MEAS-019C0889,Measurement_34,TRF-A09858AB,Current,29-12-17,50,1.78,Active
MEAS-91859AA5,Measurement_35,TRF-A9E36248,Voltage,01-03-16,1,1.47,Active
MEAS-0C37A7A2,Measurement_36,TRF-327FA234,Voltage,19-02-24,100,1.01,Active
MEAS-2C024E7B,Measurement_37,TRF-83515389,Current,16-04-18,100,0.61,Active
MEAS-99693AFD,Measurement_38,TRF-7CACCE59,Temperature,11-11-16,1,1.27,Active
MEAS-7AB729D5,Measurement_39,TRF-22690B1F,Power,07-07-22,1,1.4,Active
MEAS-3E4EE26C,Measurement_40,TRF-65C0BB75,Temperature,04-04-22,100,1.21,Active
MEAS-6BD00818,Measurement_41,TRF-A4A327C2,Temperature,16-02-19,50,0.46,Active
MEAS-7EC54190,Measurement_42,TRF-A5276E14,Power,18-04-18,100,0.32,Active
MEAS-89976F5F,Measurement_43,TRF-C1CEC497,Temperature,27-03-19,50,1.82,Active
MEAS-94A6937A,Measurement_44,TRF-C78D1280,Voltage,26-05-16,10,1.01,Active
MEAS-3DFD0255,Measurement_45,TRF-D6E6A297,Voltage,01-03-20,50,2,Active
MEAS-67726540,Measurement_46,TRF-D68C1E84,Current,07-01-22,50,0.71,Active
MEAS-D56AA143,Measurement_47,TRF-925C6BAE,Power,20-03-21,100,1.72,Active
MEAS-9973410F,Measurement_48,TRF-67473465,Power,07-06-20,10,1.1,Active
MEAS-76A7884D,Measurement_49,TRF-CED4F024,Current,02-02-22,10,0.99,Active
MEAS-AD09DD2F,Measurement_50,TRF-EAD6840A,Temperature,11-08-23,1,1.38,Active
MEAS-6A9E6BE4,Measurement_51,TRF-BAE7B76D,Temperature,13-02-21,1,0.14,Active
MEAS-C0E39D58,Measurement_52,TRF-003228DA,Voltage,11-08-23,1,1.56,Active
MEAS-8D0B9CDA,Measurement_53,TRF-FD29423F,Current,25-09-23,100,0.78,Active
MEAS-8053AEEB,Measurement_54,TRF-74D6508D,Power,21-10-24,1,1.6,Active
MEAS-4C78986D,Measurement_55,TRF-766B76A3,Current,20-05-22,100,1.14,Active
MEAS-4A8ADB61,Measurement_56,TRF-3F4A71D1,Power,09-04-16,1,1.08,Active
MEAS-A9626B2E,Measurement_57,TRF-0F6D45D1,Power,16-11-16,50,1.39,Active
MEAS-2BF29291,Measurement_58,TRF-A39A7F10,Power,07-07-15,1,1.51,Active
MEAS-2AB10EB1,Measurement_59,TRF-60034C8B,Voltage,09-10-22,50,0.57,Active
MEAS-9C8B4708,Measurement_60,TRF-CEEDED0C,Voltage,05-09-17,50,0.64,Active
MEAS-69AB8B19,Measurement_61,TRF-E371C759,Current,21-12-17,1,1.72,Active
MEAS-6DFEF2FC,Measurement_62,TRF-4A1A3F11,Power,04-05-20,10,1.2,Active
MEAS-E5D96956,Measurement_63,TRF-8BF03934,Power,20-07-23,10,0.72,Active
MEAS-B1AF0AF5,Measurement_64,TRF-2ED239EB,Power,28-01-16,1,1.66,Active
MEAS-27E437CF,Measurement_65,TRF-E7B5D2B2,Voltage,05-10-21,50,1.61,Active
MEAS-5CC95E27,Measurement_66,TRF-36421D02,Current,03-08-20,1,1.18,Active
MEAS-4862B43E,Measurement_67,TRF-5E3E0D34,Current,18-11-18,1,1.42,Active
MEAS-43E3C4ED,Measurement_68,TRF-AEA08F6D,Power,02-01-22,100,1.93,Active
MEAS-D7DF9CF8,Measurement_69,TRF-AAD0DBF5,Voltage,30-04-19,10,1.98,Active
MEAS-8902BB9D,Measurement_70,TRF-B96CAB5D,Temperature,15-03-24,10,0.24,Active
MEAS-D8C396B7,Measurement_71,TRF-752E4F78,Current,14-01-18,100,0.72,Active
MEAS-71FC27A7,Measurement_72,TRF-D5379D65,Voltage,18-06-22,50,0.94,Active
MEAS-0405DE10,Measurement_73,TRF-73DFBE29,Current,21-03-20,10,1.09,Active
MEAS-716C8BCD,Measurement_74,TRF-F571F101,Temperature,16-10-21,100,1.21,Active
MEAS-05BADB87,Measurement_75,TRF-2FB03AAF,Power,08-01-22,100,0.6,Active
MEAS-4C6559B4,Measurement_76,TRF-30E07BC5,Temperature,08-12-20,10,1.16,Active
MEAS-79391E74,Measurement_77,TRF-254482B2,Power,23-07-17,50,1.47,Active
MEAS-E3DF8A59,Measurement_78,TRF-D9BCFC2E,Temperature,22-02-22,1,1.13,Active
MEAS-3D3F4CFA,Measurement_79,TRF-47AA6478,Power,28-05-15,10,0.76,Active
MEAS-18D1CEDA,Measurement_80,TRF-69F6448D,Power,21-09-18,10,1.73,Active
MEAS-8D0900C1,Measurement_81,TRF-ECD6590C,Temperature,31-01-19,100,1.11,Active
MEAS-16A1F179,Measurement_82,TRF-60029226,Temperature,02-01-15,10,1.25,Active
MEAS-80E1285E,Measurement_83,TRF-6FDFD775,Temperature,23-05-19,100,1.14,Active
MEAS-545DD5B7,Measurement_84,TRF-151EF5FB,Power,12-03-22,1,1.97,Active
MEAS-7C42449E,Measurement_85,TRF-889D0013,Power,13-04-24,50,1.97,Active
MEAS-2904DBA3,Measurement_86,TRF-93EA9AD1,Voltage,02-07-15,100,0.45,Active
MEAS-92DEDDB0,Measurement_87,TRF-C20BD27E,Temperature,08-09-15,50,0.49,Active
MEAS-FEC2D864,Measurement_88,TRF-1AE8F8C9,Voltage,20-02-16,50,0.38,Active
MEAS-FE19C84F,Measurement_89,TRF-C27C1428,Current,14-05-18,50,1.28,Active
MEAS-F05874D9,Measurement_90,TRF-13D3FF89,Voltage,30-06-19,1,1.45,Active
MEAS-DC0E8E0C,Measurement_91,TRF-B85828CD,Temperature,05-02-17,1,1.25,Active
MEAS-D25A487F,Measurement_92,TRF-5D9D0770,Current,14-02-20,10,0.68,Active
MEAS-7CFA3A2B,Measurement_93,TRF-67EFA29F,Current,27-05-20,100,0.85,Active
MEAS-A046DD41,Measurement_94,TRF-061D245B,Temperature,05-06-15,100,0.53,Active
MEAS-0C5529B4,Measurement_95,TRF-9109276B,Voltage,20-04-16,10,0.73,Active
MEAS-2412F9DA,Measurement_96,TRF-23350537,Voltage,17-05-23,1,0.21,Active
MEAS-0DFA030C,Measurement_97,TRF-AFB0147D,Voltage,25-08-22,50,1.23,Active
MEAS-013E894D,Measurement_98,TRF-C2D4195F,Current,17-05-24,100,1.62,Active
MEAS-CAE49690,Measurement_99,TRF-C700F5DB,Voltage,08-08-20,10,1.74,Active
MEAS-92D61A96,Measurement_100,TRF-EA18190E,Power,23-07-15,1,1.03,Active
MEAS-B3E34F5B,Measurement_101,TRF-5A906FA4,Current,16-07-24,50,1.1,Active
MEAS-235CC71E,Measurement_102,TRF-C449D2E3,Voltage,23-12-22,10,1.12,Active
MEAS-89740E35,Measurement_103,TRF-27F4C203,Current,11-11-15,10,0.48,Active
MEAS-C7E37FD4,Measurement_104,TRF-79F60FF0,Voltage,26-02-22,50,0.12,Active
MEAS-695F8D42,Measurement_105,TRF-633BF690,Voltage,23-09-17,10,0.6,Active
MEAS-99D8DF3F,Measurement_106,TRF-5BB5BD9C,Power,26-07-23,50,1.22,Active
MEAS-D701AA3A,Measurement_107,TRF-09CC8D07,Voltage,01-05-18,100,0.6,Active
MEAS-4C35EC56,Measurement_108,TRF-07C37FDD,Current,15-01-22,10,1.41,Active
MEAS-FA8CCF6B,Measurement_109,TRF-6ED38843,Power,26-07-18,10,1.28,Active
MEAS-E1701235,Measurement_110,TRF-EF02224C,Temperature,03-12-17,50,0.65,Active
MEAS-1DB38D50,Measurement_111,TRF-9EE7DA66,Voltage,13-01-24,10,1.38,Active
MEAS-7BD5F77E,Measurement_112,TRF-EBE9193C,Temperature,02-07-16,100,0.8,Active
MEAS-5C781EAC,Measurement_113,TRF-513494A1,Temperature,06-10-16,50,1.34,Active
MEAS-92D49676,Measurement_114,TRF-8F74F7DF,Power,18-03-15,10,1.5,Active
MEAS-EA4C1205,Measurement_115,TRF-467EB92C,Voltage,04-04-17,10,1.01,Active
MEAS-1E20077F,Measurement_116,TRF-D3967E78,Voltage,10-11-18,1,1,Active
MEAS-C3A24062,Measurement_117,TRF-851B820C,Current,02-02-22,100,1.48,Active
MEAS-D995FA61,Measurement_118,TRF-1358C72D,Current,19-04-15,100,1.16,Active
MEAS-86936090,Measurement_119,TRF-4F31ABC7,Power,18-03-24,10,0.65,Active
MEAS-79B2AE14,Measurement_120,TRF-13AB485E,Voltage,12-03-16,100,0.81,Active
MEAS-C6AF26F7,Measurement_121,TRF-6BC9B517,Power,29-04-18,1,0.47,Active
MEAS-CC2D600B,Measurement_122,TRF-68DAE0EC,Current,27-04-19,1,0.34,Active
MEAS-4CC1B0E2,Measurement_123,TRF-3EC49850,Temperature,03-06-22,10,1.89,Active
MEAS-E1AC5BC9,Measurement_124,TRF-6886D754,Temperature,28-01-15,100,1.95,Active
MEAS-7EF98557,Measurement_125,TRF-12A3C5AE,Power,23-06-17,50,1.55,Active
MEAS-5B251BB2,Measurement_126,TRF-B7ACA090,Power,10-09-16,1,1.19,Active
MEAS-ADC7A08E,Measurement_127,TRF-29B8B74F,Power,04-04-23,1,0.64,Active
MEAS-FC8ABA01,Measurement_128,TRF-2F2CE34B,Voltage,09-02-15,50,1.08,Active
MEAS-DB4BEFE5,Measurement_129,TRF-D549662B,Voltage,03-08-23,1,1.19,Active
MEAS-52ACD473,Measurement_130,TRF-4326A645,Voltage,06-05-16,1,1.2,Active
MEAS-4C0321F8,Measurement_131,TRF-65BB3188,Voltage,28-03-23,1,0.4,Active
MEAS-934B56EE,Measurement_132,TRF-42ED1C32,Power,13-03-15,10,0.16,Active
MEAS-4BD72732,Measurement_133,TRF-8353F576,Voltage,30-05-24,1,1.78,Active
MEAS-46D32413,Measurement_134,TRF-6FE7458A,Power,15-07-24,10,0.31,Active
MEAS-0D693993,Measurement_135,TRF-D361CC44,Current,20-11-23,1,0.83,Active
MEAS-3552D13A,Measurement_136,TRF-3153E252,Power,10-04-16,10,1.41,Active
MEAS-55E644DB,Measurement_137,TRF-E8880513,Power,18-09-21,50,0.23,Active
MEAS-EA726B28,Measurement_138,TRF-0995DFC9,Temperature,30-01-23,10,0.42,Active
MEAS-61317D6A,Measurement_139,TRF-4FC3BFAB,Voltage,23-08-22,100,1.85,Active
MEAS-5FFAB15E,Measurement_140,TRF-08413469,Power,26-12-17,10,1.5,Active
MEAS-0883B6EA,Measurement_141,TRF-A96E1F13,Voltage,28-10-22,10,1.12,Active
MEAS-BD1E0E61,Measurement_142,TRF-29127733,Temperature,29-01-16,100,1.94,Active
MEAS-8EF343FE,Measurement_143,TRF-491C717B,Temperature,16-11-24,50,0.65,Active
MEAS-7712D11D,Measurement_144,TRF-8646A9C9,Power,13-06-22,10,1.87,Active
MEAS-8E4EA7D7,Measurement_145,TRF-3EEA79C0,Voltage,01-05-20,50,0.6,Active
MEAS-D53A301E,Measurement_146,TRF-DE135D58,Power,10-11-20,100,0.53,Active
MEAS-690D8E15,Measurement_147,TRF-88D28E35,Power,07-12-22,10,0.57,Active
MEAS-4C9252A7,Measurement_148,TRF-89659936,Current,29-01-21,1,0.36,Active
MEAS-6321A562,Measurement_149,TRF-68994394,Current,11-12-15,100,0.51,Active
MEAS-2DA4AEEA,Measurement_150,TRF-664C3287,Voltage,19-04-16,50,0.25,Active
MEAS-DB83211F,Measurement_151,TRF-45DD0019,Current,30-08-23,1,1.45,Active
MEAS-CEFC0E81,Measurement_152,TRF-61C67BAA,Power,11-07-20,10,1.38,Active
MEAS-497C4258,Measurement_153,TRF-5598A61C,Voltage,08-06-17,10,1.57,Active
MEAS-415F4F86,Measurement_154,TRF-4444B3C3,Current,25-04-23,1,0.28,Active
MEAS-E15C4EFE,Measurement_155,TRF-9B71805D,Voltage,01-05-20,10,1.33,Active
MEAS-B88C2418,Measurement_156,TRF-CE2285F2,Voltage,18-10-15,100,1.32,Active
MEAS-F1556FE5,Measurement_157,TRF-9920E857,Current,21-07-20,50,1.88,Active
MEAS-431EC0FA,Measurement_158,TRF-BFB492B5,Current,21-08-24,10,1.99,Active
MEAS-FFB8748C,Measurement_159,TRF-D03D4E3B,Current,17-08-21,10,1.98,Active
MEAS-C7FB28F6,Measurement_160,TRF-4B642FDC,Voltage,25-02-18,50,1.47,Active
MEAS-DC21A74A,Measurement_161,TRF-B0DE7F22,Temperature,14-02-20,10,0.72,Active
MEAS-F3DEB134,Measurement_162,TRF-4BF8AC44,Power,09-09-20,1,1.63,Active
MEAS-71635991,Measurement_163,TRF-EBDA3223,Power,15-09-24,1,0.85,Active
MEAS-3E8A3F79,Measurement_164,TRF-64515FFB,Current,30-08-15,1,0.7,Active
MEAS-806C3765,Measurement_165,TRF-56B0F9C6,Voltage,03-05-23,1,1.67,Active
MEAS-A2720661,Measurement_166,TRF-C881C0FF,Voltage,10-07-22,10,1.04,Active
MEAS-0868B378,Measurement_167,TRF-BD9E6AD7,Current,29-08-18,100,1.36,Active
MEAS-857072AF,Measurement_168,TRF-974BDD7F,Temperature,26-01-16,1,0.96,Active
MEAS-7887709D,Measurement_169,TRF-03B46EE8,Voltage,17-05-18,1,1.21,Active
MEAS-FE2902D0,Measurement_170,TRF-E9384DB2,Power,22-01-21,100,1.34,Active
MEAS-9C5949B0,Measurement_171,TRF-B001C8CB,Power,16-01-21,10,1.66,Active
MEAS-0AD3B587,Measurement_172,TRF-270D6A38,Temperature,03-02-18,1,1.38,Active
MEAS-EC0EFAF7,Measurement_173,TRF-E76D101B,Current,12-01-17,50,0.64,Active
MEAS-2E45CCB1,Measurement_174,TRF-59AD4C80,Voltage,10-06-23,100,0.98,Active
MEAS-A01FF4E2,Measurement_175,TRF-6EAFEF2C,Temperature,01-05-20,100,0.4,Active
MEAS-3FD95242,Measurement_176,TRF-AC787DA5,Voltage,27-10-16,100,0.4,Active
MEAS-D7577FDF,Measurement_177,TRF-D2F0FCD6,Power,03-03-18,1,1.26,Active
MEAS-19A3F4B9,Measurement_178,TRF-8F7BC6DF,Voltage,27-12-16,100,1.66,Active
MEAS-24E4A51D,Measurement_179,TRF-32186056,Temperature,31-10-24,1,1.5,Active
MEAS-D18BF0CE,Measurement_180,TRF-7E800AC8,Power,21-09-23,100,0.95,Active
MEAS-769B9487,Measurement_181,TRF-48212B64,Voltage,29-09-21,10,0.44,Active
MEAS-1FC69283,Measurement_182,TRF-0CF96BD1,Temperature,02-02-22,100,0.21,Active
MEAS-0F956351,Measurement_183,TRF-CC476953,Current,01-02-17,10,0.24,Active
MEAS-63F12916,Measurement_184,TRF-80BEBEAE,Voltage,07-11-24,10,0.52,Active
MEAS-70904F84,Measurement_185,TRF-AD01F9F5,Power,08-11-18,1,1.51,Active
MEAS-9847473B,Measurement_186,TRF-AEE9F0FE,Current,23-08-16,1,0.51,Active
MEAS-7DEA8D79,Measurement_187,TRF-B758B740,Power,29-09-24,10,1.31,Active
MEAS-7BA7C417,Measurement_188,TRF-1AE9B1C0,Power,22-10-16,100,0.91,Active
MEAS-519590D4,Measurement_189,TRF-A1B5D130,Current,16-08-20,10,1.92,Active
MEAS-39E36314,Measurement_190,TRF-A86A34EA,Voltage,23-08-22,10,0.31,Active
MEAS-67DF561F,Measurement_191,TRF-AECCCF97,Temperature,19-09-21,10,0.71,Active
MEAS-882E8C9E,Measurement_192,TRF-C0D2B35D,Current,11-06-17,100,1.21,Active
MEAS-A6BD7660,Measurement_193,TRF-775DC4DD,Temperature,04-04-23,100,1.81,Active
MEAS-83A5E823,Measurement_194,TRF-23C7F9E5,Voltage,09-03-23,50,1.29,Active
MEAS-23B14FF5,Measurement_195,TRF-E370D5BC,Voltage,31-01-24,1,1.74,Active
MEAS-E4F60F73,Measurement_196,TRF-49071570,Current,15-10-21,10,1.22,Active
MEAS-CF434776,Measurement_197,TRF-D9F376F1,Temperature,16-09-23,100,1.13,Active
MEAS-799832BF,Measurement_198,TRF-3985548C,Voltage,19-08-20,1,0.74,Active
MEAS-A5AD51B8,Measurement_199,TRF-3675590E,Power,22-04-23,1,1.68,Active
MEAS-641CEDAC,Measurement_200,TRF-72988B9C,Temperature,12-11-20,1,1.77,Active
MEAS-289E07DB,Measurement_201,TRF-AB696DB6,Current,07-11-19,100,1,Active
MEAS-D5BE728E,Measurement_202,TRF-7B4E7F3C,Temperature,17-10-20,10,1.07,Active
MEAS-6BE06E7D,Measurement_203,TRF-6486FC34,Voltage,03-03-22,10,1.33,Active
MEAS-906788BA,Measurement_204,TRF-9B4DAF2F,Temperature,16-12-20,10,0.5,Active
MEAS-8EBDD464,Measurement_205,TRF-AE645FDA,Power,13-05-18,50,0.33,Active
MEAS-97C84AC0,Measurement_206,TRF-D29AC343,Current,12-11-17,1,0.21,Active
MEAS-A3C171C7,Measurement_207,TRF-1D582747,Voltage,11-06-20,100,1.47,Active
MEAS-35FAA688,Measurement_208,TRF-C55F3272,Voltage,17-11-17,10,1.76,Active
MEAS-2BA32E0B,Measurement_209,TRF-AF225B11,Temperature,29-10-21,10,0.27,Active
MEAS-AC914C3C,Measurement_210,TRF-F9333865,Power,22-11-24,10,1.67,Active
MEAS-2231DBDC,Measurement_211,TRF-4C231113,Voltage,06-03-15,100,1.25,Active
MEAS-F67B22BA,Measurement_212,TRF-6D07EA9A,Current,11-11-24,1,1.26,Active
MEAS-A735FDE9,Measurement_213,TRF-0F59C5E1,Temperature,02-11-22,10,1.27,Active
MEAS-6B84BEAD,Measurement_214,TRF-9098F318,Power,22-04-21,100,1.08,Active
MEAS-47202C40,Measurement_215,TRF-7B57C6C2,Power,26-04-24,100,0.17,Active
MEAS-969F7399,Measurement_216,TRF-A7925B45,Power,13-09-18,10,0.68,Active
MEAS-AFEDD665,Measurement_217,TRF-17BD6236,Power,16-10-24,10,0.27,Active
MEAS-F9DF65C7,Measurement_218,TRF-3069DA58,Voltage,26-08-22,50,1.38,Active
MEAS-6DFD720A,Measurement_219,TRF-9456C4AF,Voltage,29-06-18,50,1.31,Active
MEAS-BF8BA584,Measurement_220,TRF-EE688953,Voltage,22-09-17,10,1.22,Active
MEAS-9B36AE03,Measurement_221,TRF-1E8D916B,Current,17-03-22,50,1.24,Active
MEAS-83197715,Measurement_222,TRF-71A27110,Current,17-05-22,10,1.92,Active
MEAS-8A5034C9,Measurement_223,TRF-7DDBAB0F,Voltage,12-05-22,50,1.32,Active
MEAS-7F23C124,Measurement_224,TRF-4AEBD16D,Temperature,27-03-19,10,0.15,Active
MEAS-5C9688AE,Measurement_225,TRF-E6DFD6C6,Temperature,28-03-19,50,1,Active
MEAS-A9C3ACE5,Measurement_226,TRF-7DE516F5,Power,21-09-16,100,1.38,Active
MEAS-DA22BDA8,Measurement_227,TRF-35781BB5,Power,03-10-19,10,1.16,Active
MEAS-A3C5FA46,Measurement_228,TRF-F3F6F533,Temperature,24-10-21,1,1.94,Active
MEAS-BEF9B7CA,Measurement_229,TRF-2DA4FCCC,Current,27-09-22,50,1.1,Active
MEAS-77B822BD,Measurement_230,TRF-A302E582,Current,12-05-20,50,0.79,Active
MEAS-F3DFC9E5,Measurement_231,TRF-3724A5F6,Power,18-05-18,1,0.61,Active
MEAS-88844DB9,Measurement_232,TRF-7BD72538,Current,09-04-22,100,0.75,Active
MEAS-EA35663C,Measurement_233,TRF-424298DC,Power,06-04-24,100,0.37,Active
MEAS-BFE004FD,Measurement_234,TRF-EBFD2A7E,Current,23-09-21,10,1.42,Active
MEAS-2E474AE8,Measurement_235,TRF-6B3504A7,Temperature,27-07-24,50,0.71,Active
MEAS-9AA5D4F5,Measurement_236,TRF-57FCD670,Power,18-01-20,100,1.07,Active
MEAS-C4FC81AE,Measurement_237,TRF-4B4D7298,Current,27-06-24,10,1.07,Active
MEAS-12E36B2E,Measurement_238,TRF-D07746F5,Power,15-01-23,10,1.13,Active
MEAS-E184CB9E,Measurement_239,TRF-093320BE,Temperature,26-10-18,10,0.31,Active
MEAS-9F4D4BB8,Measurement_240,TRF-37E3E09A,Voltage,03-11-22,50,0.13,Active
MEAS-5CEE53ED,Measurement_241,TRF-7161D556,Temperature,04-04-23,100,1.86,Active
MEAS-105E1882,Measurement_242,TRF-45A42FBD,Current,09-05-20,10,1.6,Active
MEAS-EB9B0FC7,Measurement_243,TRF-06694790,Voltage,30-09-23,1,0.8,Active
MEAS-25ADBD90,Measurement_244,TRF-6A488281,Power,18-06-24,10,0.48,Active
MEAS-CA6977E8,Measurement_245,TRF-EBC7171B,Temperature,05-12-23,50,0.84,Active
MEAS-C05F2AF6,Measurement_246,TRF-749AFC69,Voltage,21-07-23,10,1.65,Active
MEAS-A03D414C,Measurement_247,TRF-E5710510,Power,13-05-21,50,0.55,Active
MEAS-739671EA,Measurement_248,TRF-E52892A6,Current,30-09-21,50,0.81,Active
MEAS-696D92A5,Measurement_249,TRF-82A62BFE,Voltage,08-06-21,1,0.79,Active
MEAS-590352A2,Measurement_250,TRF-E5ED7591,Power,15-03-17,50,1.84,Active
MEAS-3298DC48,Measurement_251,TRF-FA0E9F44,Temperature,16-10-16,1,1.74,Active
MEAS-D1EFDBE4,Measurement_252,TRF-F38CDC1C,Current,30-11-24,100,0.94,Active
MEAS-05D877F4,Measurement_253,TRF-5C645DA1,Current,08-10-15,100,1.42,Active
MEAS-753C92BF,Measurement_254,TRF-9F50C56E,Voltage,22-03-20,10,1.75,Active
MEAS-82EA012B,Measurement_255,TRF-E030BC53,Current,12-11-23,10,1.82,Active
MEAS-235574D2,Measurement_256,TRF-AA0A3F66,Temperature,08-09-18,100,0.98,Active
MEAS-252F58D7,Measurement_257,TRF-DD4E0454,Power,28-05-15,1,0.87,Active
MEAS-F634B1B9,Measurement_258,TRF-1B54820E,Voltage,12-09-21,1,0.15,Active
MEAS-7F89AE93,Measurement_259,TRF-ABA537D1,Voltage,06-07-23,1,1.76,Active
MEAS-84AC34EA,Measurement_260,TRF-E402DD3E,Voltage,30-01-23,10,1.81,Active
MEAS-7A9384B8,Measurement_261,TRF-FFD5BB11,Current,27-12-21,1,1.77,Active
MEAS-935CDF72,Measurement_262,TRF-B4F8519F,Temperature,05-03-17,10,1.54,Active
MEAS-B8FFDF12,Measurement_263,TRF-8DC62B01,Current,13-09-20,50,1.03,Active
MEAS-5D53685A,Measurement_264,TRF-FB140D71,Current,27-11-21,10,1.89,Active
MEAS-BEB8B296,Measurement_265,TRF-40312CDB,Power,06-10-22,1,1.04,Active
MEAS-FD7349FD,Measurement_266,TRF-2B241732,Current,16-12-16,10,1.64,Active
MEAS-4F35F2A0,Measurement_267,TRF-BC9FD91D,Temperature,18-08-15,100,1.41,Active
MEAS-5FFA5D9C,Measurement_268,TRF-B417AE52,Voltage,23-04-17,50,0.73,Active
MEAS-43934865,Measurement_269,TRF-F9A3E872,Power,29-10-15,50,0.53,Active
MEAS-012D621F,Measurement_270,TRF-3F174D5F,Power,23-04-16,50,1.52,Active
MEAS-5871DB19,Measurement_271,TRF-93925574,Voltage,29-08-23,100,1.49,Active
MEAS-2F11CD8D,Measurement_272,TRF-A96F8738,Power,11-12-15,50,0.45,Active
MEAS-F197A2C2,Measurement_273,TRF-50EAF192,Power,02-09-17,50,0.75,Active
MEAS-CB1EF6DD,Measurement_274,TRF-E36A09E8,Temperature,16-07-16,50,0.81,Active
MEAS-77C670E6,Measurement_275,TRF-2CE9C9CD,Voltage,03-03-21,1,1.41,Active
MEAS-04D5C03D,Measurement_276,TRF-6845A536,Power,13-04-21,50,1.83,Active
MEAS-CB5474FF,Measurement_277,TRF-C07CA514,Temperature,07-08-20,1,0.78,Active
MEAS-E49EDCAF,Measurement_278,TRF-C69C0900,Current,10-08-21,50,0.19,Active
MEAS-B3C1D7AC,Measurement_279,TRF-A7313725,Power,04-10-20,50,0.67,Active
MEAS-1660B8CD,Measurement_280,TRF-E76BD6C8,Power,27-03-15,10,1.72,Active
MEAS-5EE01F62,Measurement_281,TRF-6E358CEE,Power,05-12-20,10,0.69,Active
MEAS-A9F77CF2,Measurement_282,TRF-E90EE2A4,Temperature,25-09-18,1,0.96,Active
MEAS-CC452694,Measurement_283,TRF-F79CD9A0,Temperature,25-11-20,10,1.81,Active
MEAS-12EE2D38,Measurement_284,TRF-6B414B12,Temperature,07-10-17,1,0.67,Active
MEAS-1C85D28C,Measurement_285,TRF-BBA38FB4,Power,23-02-18,100,0.52,Active
MEAS-236D5AAA,Measurement_286,TRF-975D64B6,Temperature,01-07-20,10,0.79,Active
MEAS-E5B3B020,Measurement_287,TRF-79BBF55B,Temperature,30-01-23,50,1.59,Active
MEAS-D942F0B4,Measurement_288,TRF-69996A1C,Power,30-09-17,1,0.99,Active
MEAS-B70BED86,Measurement_289,TRF-CFBBF746,Voltage,15-09-24,1,1.56,Active
MEAS-72139E06,Measurement_290,TRF-A1EB7EE2,Temperature,15-09-24,50,0.32,Active
MEAS-8AD95638,Measurement_291,TRF-62091CF7,Current,30-07-17,50,1.06,Active
MEAS-DDFF48B3,Measurement_292,TRF-7AA1CE6C,Current,05-10-15,50,0.53,Active
MEAS-C99F365A,Measurement_293,TRF-B5AF16ED,Voltage,30-03-16,50,1.05,Active
MEAS-8FD74652,Measurement_294,TRF-8A540AE6,Temperature,25-03-19,100,1.79,Active
MEAS-95A97F95,Measurement_295,TRF-ED79E8BE,Power,20-05-17,1,1.79,Active
MEAS-C9F55138,Measurement_296,TRF-4758AF57,Current,12-06-16,10,0.87,Active
MEAS-D81FA229,Measurement_297,TRF-2BC3FB5A,Power,28-08-24,50,1.22,Active
MEAS-694C315D,Measurement_298,TRF-9941F324,Voltage,27-11-23,10,1.87,Active
MEAS-A6D843AE,Measurement_299,TRF-9CE17F02,Current,13-11-17,10,1.97,Active
MEAS-5DECB724,Measurement_300,TRF-E7A14E24,Temperature,26-11-24,50,0.26,Active
MEAS-479625F7,Measurement_301,TRF-A5902F4D,Temperature,27-02-23,100,1.39,Active
MEAS-85F83EE0,Measurement_302,TRF-500230C7,Current,08-12-17,10,0.19,Active
MEAS-E874F099,Measurement_303,TRF-44AD8D9F,Current,08-12-21,100,1.15,Active
MEAS-D0ECD9B1,Measurement_304,TRF-55A0A65B,Voltage,03-12-15,1,1.64,Active
MEAS-1B8A92DB,Measurement_305,TRF-85EE3D93,Temperature,22-08-23,50,1.32,Active
MEAS-D37DE0D7,Measurement_306,TRF-1C4B8581,Voltage,24-01-17,100,0.97,Active
MEAS-DED19C25,Measurement_307,TRF-DCDEF8FC,Current,01-07-19,50,0.57,Active
MEAS-5BD17230,Measurement_308,TRF-B7500BE7,Power,04-05-17,50,1.22,Active
MEAS-305A12C9,Measurement_309,TRF-B28C38AF,Power,14-02-19,50,0.55,Active
MEAS-CB587CDB,Measurement_310,TRF-F4D7EC4F,Current,11-11-24,1,0.5,Active
MEAS-5967E219,Measurement_311,TRF-CDD97FCD,Voltage,23-07-21,50,0.7,Active
MEAS-8715FDE8,Measurement_312,TRF-BCAFA9D2,Current,02-07-19,1,0.65,Active
MEAS-D1B85E5E,Measurement_313,TRF-2C9683E2,Voltage,08-10-16,100,1.06,Active
MEAS-453D2889,Measurement_314,TRF-DDA531DC,Temperature,01-02-24,100,0.54,Active
MEAS-19E19DE5,Measurement_315,TRF-5D65B53D,Temperature,06-01-20,1,0.16,Active
MEAS-858EC856,Measurement_316,TRF-A9D4A27A,Voltage,06-03-24,50,1.81,Active
MEAS-4A7AFB0D,Measurement_317,TRF-21BE5E59,Temperature,24-12-19,1,0.1,Active
MEAS-6E1566C4,Measurement_318,TRF-C3EE9EE4,Temperature,24-08-23,50,1.85,Active
MEAS-D6197AAE,Measurement_319,TRF-8DA04311,Voltage,19-01-24,50,1.13,Active
MEAS-B7EF3E2B,Measurement_320,TRF-A52FE8EA,Power,08-01-20,50,0.14,Active
MEAS-0FC1AEB8,Measurement_321,TRF-2220D927,Power,09-11-18,10,0.22,Active
MEAS-B0ED5128,Measurement_322,TRF-EF1F6D25,Power,12-02-23,50,1.05,Active
MEAS-8944A9DB,Measurement_323,TRF-0C2DC494,Temperature,06-06-19,50,0.56,Active
MEAS-DE76C524,Measurement_324,TRF-8C73628B,Temperature,20-11-19,10,1.68,Active
MEAS-42A7E6F7,Measurement_325,TRF-24540C21,Temperature,08-05-21,10,0.92,Active
MEAS-34B61211,Measurement_326,TRF-F842400F,Voltage,20-11-21,10,1.48,Active
MEAS-EC3B9384,Measurement_327,TRF-A9A9198F,Power,23-02-24,50,1.39,Active
MEAS-19777455,Measurement_328,TRF-ED6D7A12,Temperature,24-02-24,1,0.11,Active
MEAS-0732D86F,Measurement_329,TRF-B27F9AAA,Temperature,12-07-24,100,0.92,Active
MEAS-CC7A197E,Measurement_330,TRF-5F8EAFCA,Temperature,18-07-17,50,1.6,Active
MEAS-30C1804C,Measurement_331,TRF-4C308B03,Temperature,06-02-20,50,1.19,Active
MEAS-34D0295B,Measurement_332,TRF-2A66A221,Temperature,08-01-15,100,0.55,Active
MEAS-7AE9958F,Measurement_333,TRF-2E23F36A,Power,06-08-15,100,1.87,Active
MEAS-AA8FCCC8,Measurement_334,TRF-89E3ADC4,Temperature,12-04-16,10,1.23,Active
MEAS-F433F5A7,Measurement_335,TRF-EC3407A7,Voltage,15-08-17,50,1.83,Active
MEAS-7BAA5D38,Measurement_336,TRF-64D62910,Voltage,07-11-22,100,0.91,Active
MEAS-5DFCE5A5,Measurement_337,TRF-C771C6A7,Current,20-05-20,10,0.45,Active
MEAS-06C6F628,Measurement_338,TRF-045D0C4D,Current,11-10-24,10,0.66,Active
MEAS-3A17B930,Measurement_339,TRF-5B438B81,Power,22-09-15,1,1.19,Active
MEAS-8AB6BD0A,Measurement_340,TRF-CBD0117B,Current,18-10-18,50,0.72,Active
MEAS-C24F8100,Measurement_341,TRF-64144C57,Temperature,11-05-15,50,1.72,Active
MEAS-57ACCE50,Measurement_342,TRF-DF673EA2,Power,02-04-16,10,1.48,Active
MEAS-3BE804E8,Measurement_343,TRF-77900C3E,Power,30-08-19,100,0.64,Active
MEAS-72E33AC1,Measurement_344,TRF-943635DA,Temperature,26-10-19,10,0.36,Active
MEAS-A188A4AD,Measurement_345,TRF-E1B97D8F,Temperature,31-08-21,50,0.65,Active
MEAS-0BCDBCBB,Measurement_346,TRF-5D4941B0,Power,06-06-17,10,0.39,Active
MEAS-A0829FEC,Measurement_347,TRF-284B83EB,Power,28-02-16,50,0.54,Active
MEAS-D94AE736,Measurement_348,TRF-7ABA8552,Voltage,04-05-21,50,1.53,Active
MEAS-7386C45F,Measurement_349,TRF-24F095D5,Current,26-10-20,100,0.74,Active
MEAS-0FA017D1,Measurement_350,TRF-1281716B,Current,21-06-20,10,1.6,Active
MEAS-5A4EEB95,Measurement_351,TRF-796D4F92,Current,17-06-16,1,1.49,Active
MEAS-55806BB9,Measurement_352,TRF-A240EA7E,Power,05-01-17,100,1.25,Active
MEAS-FB10DF95,Measurement_353,TRF-861D75E7,Power,30-10-20,50,1.1,Active
MEAS-3DE270C9,Measurement_354,TRF-3FAC77FD,Voltage,19-12-15,10,0.34,Active
MEAS-AB6045A0,Measurement_355,TRF-E6E595B4,Temperature,30-12-24,1,1.19,Active
MEAS-EC488E1F,Measurement_356,TRF-7F842C66,Power,04-09-23,1,1.58,Active
MEAS-D98500E0,Measurement_357,TRF-56EEA5FD,Power,23-03-15,50,1.46,Active
MEAS-B431B139,Measurement_358,TRF-AB387FAC,Power,11-12-18,10,0.97,Active
MEAS-06702484,Measurement_359,TRF-0FE9502C,Current,25-11-20,50,0.7,Active
MEAS-BBE988FF,Measurement_360,TRF-6C438A0A,Temperature,26-05-18,1,1.68,Active
MEAS-E3417A71,Measurement_361,TRF-B39A11B8,Temperature,31-10-17,1,0.1,Active
MEAS-D9AB3ADF,Measurement_362,TRF-CD90E6F0,Voltage,25-06-23,100,0.66,Active
MEAS-E6772179,Measurement_363,TRF-D2F7635B,Current,18-01-23,10,1.22,Active
MEAS-667265A9,Measurement_364,TRF-C66F530D,Temperature,15-11-17,50,1.67,Active
MEAS-1BBBF4E7,Measurement_365,TRF-3D8FF9F3,Power,18-11-17,10,0.55,Active
MEAS-5B6A8E4A,Measurement_366,TRF-EA45247E,Temperature,29-11-17,10,1.63,Active
MEAS-215E0AD8,Measurement_367,TRF-F294C7FF,Power,07-08-21,10,0.75,Active
MEAS-65B8626F,Measurement_368,TRF-9F6E36D2,Temperature,22-08-21,10,1.16,Active
MEAS-40926CF5,Measurement_369,TRF-52320CCA,Power,09-07-23,10,1.29,Active
MEAS-A08A02EB,Measurement_370,TRF-0671F876,Current,26-12-17,100,0.11,Active
MEAS-9F8C8BE8,Measurement_371,TRF-6FEAA59A,Current,08-10-17,50,0.13,Active
MEAS-FED431EF,Measurement_372,TRF-B0BD6233,Voltage,13-11-19,50,1.06,Active
MEAS-DB33CB5B,Measurement_373,TRF-66C42A25,Power,05-03-23,10,0.51,Active
MEAS-C3620DBE,Measurement_374,TRF-AF05ECA9,Temperature,07-06-24,100,0.33,Active
MEAS-2C2B378D,Measurement_375,TRF-2B0B7D5C,Voltage,27-11-20,100,0.38,Active
MEAS-3FA376B4,Measurement_376,TRF-AC8FADFC,Power,10-10-15,50,0.48,Active
MEAS-A3B17B13,Measurement_377,TRF-76404C11,Current,08-12-20,1,1.99,Active
MEAS-43381EC4,Measurement_378,TRF-DD2F69BC,Power,26-03-18,50,1.12,Active
MEAS-4F0FC02B,Measurement_379,TRF-53B774E8,Current,03-03-19,10,0.4,Active
MEAS-F0916C42,Measurement_380,TRF-A55B1271,Power,16-06-17,10,0.83,Active
MEAS-EE4E1114,Measurement_381,TRF-C6207BAB,Current,28-10-17,10,0.15,Active
MEAS-725EB982,Measurement_382,TRF-C6945D2E,Current,12-06-16,50,1.91,Active
MEAS-FAD21B03,Measurement_383,TRF-EF511071,Voltage,21-10-15,10,0.28,Active
MEAS-461D2FE3,Measurement_384,TRF-0085E606,Temperature,27-05-18,50,1.15,Active
MEAS-0F47FC7A,Measurement_385,TRF-FD7D0425,Temperature,20-04-20,10,0.77,Active
MEAS-4C3BA9BA,Measurement_386,TRF-60953150,Current,07-12-19,50,1.18,Active
MEAS-58B0B5FF,Measurement_387,TRF-DA19B68D,Voltage,26-10-19,100,1.31,Active
MEAS-8D22F782,Measurement_388,TRF-9D3755A8,Current,08-11-24,50,0.62,Active
MEAS-3A25EBD1,Measurement_389,TRF-10EAFFA5,Temperature,17-01-17,50,1.56,Active
MEAS-5175F8F9,Measurement_390,TRF-F51E8317,Current,14-01-15,100,1.75,Active
MEAS-14F91053,Measurement_391,TRF-27B66FEB,Power,15-02-21,1,0.58,Active
MEAS-64EB2E5C,Measurement_392,TRF-F3A83308,Current,21-05-24,1,1.92,Active
MEAS-E882E38E,Measurement_393,TRF-8CEE733F,Power,23-02-19,1,1.26,Active
MEAS-46D87A92,Measurement_394,TRF-6D51B4AB,Power,07-12-17,50,1.78,Active
MEAS-76AB60EC,Measurement_395,TRF-43AC90B1,Temperature,03-05-17,50,0.43,Active
MEAS-EBEB03FA,Measurement_396,TRF-24E3A39D,Current,11-08-21,100,0.92,Active
MEAS-9F53218F,Measurement_397,TRF-1365ECCB,Power,14-12-19,10,0.36,Active
MEAS-A46FF9A8,Measurement_398,TRF-6A197A1E,Current,15-01-17,100,1.32,Active
MEAS-6DC0B096,Measurement_399,TRF-8A0F7874,Current,15-03-18,50,0.14,Active
MEAS-A4FB6320,Measurement_400,TRF-4420D8C6,Current,22-05-15,50,0.74,Active
MEAS-9EFA8588,Measurement_401,TRF-D5EAEAF8,Voltage,06-10-19,100,1.22,Active
MEAS-11885119,Measurement_402,TRF-48770BC8,Current,08-10-24,100,1.78,Active
MEAS-59DC9904,Measurement_403,TRF-319EF4F4,Temperature,26-03-15,100,0.2,Active
MEAS-A294F635,Measurement_404,TRF-3CE537DF,Current,07-10-15,10,1.66,Active
MEAS-467D7DC5,Measurement_405,TRF-182E6FB9,Current,22-11-16,100,1.44,Active
MEAS-96613BC3,Measurement_406,TRF-685068FC,Power,02-06-22,50,1.11,Active
MEAS-4C3D6AD5,Measurement_407,TRF-92ADAEC2,Voltage,15-05-16,1,1.89,Active
MEAS-C148C5F0,Measurement_408,TRF-DE800690,Voltage,21-02-20,100,0.59,Active
MEAS-829CA97A,Measurement_409,TRF-A6A37DB7,Current,26-09-17,1,1.95,Active
MEAS-36FBB10A,Measurement_410,TRF-4DB0B157,Voltage,08-04-15,1,1.97,Active
MEAS-10ACEA75,Measurement_411,TRF-0F8ED328,Voltage,14-08-22,1,0.95,Active
MEAS-ADEDA836,Measurement_412,TRF-B64D34A7,Voltage,18-09-23,100,1.83,Active
MEAS-6A3E69DB,Measurement_413,TRF-D3CC8B55,Current,04-07-16,50,0.86,Active
MEAS-A7015AA8,Measurement_414,TRF-6E957E3B,Temperature,26-06-21,50,1.48,Active
MEAS-B5BE5BC0,Measurement_415,TRF-80D15076,Voltage,31-05-18,100,1.93,Active
MEAS-90589476,Measurement_416,TRF-D87B8125,Temperature,27-07-18,50,0.13,Active
MEAS-7E23863C,Measurement_417,TRF-9CDF3283,Temperature,29-12-20,10,0.2,Active
MEAS-9C63CE19,Measurement_418,TRF-53C9515A,Current,24-02-20,100,1.37,Active
MEAS-073AC954,Measurement_419,TRF-E7C33537,Temperature,16-05-15,100,0.78,Active
MEAS-75EB32CE,Measurement_420,TRF-A8B2C2B0,Voltage,08-01-17,50,0.94,Active
MEAS-6401EE35,Measurement_421,TRF-386BCDD2,Temperature,01-06-22,1,1.97,Active
MEAS-4EDB4B2E,Measurement_422,TRF-C1D2E717,Voltage,08-09-21,1,0.49,Active
MEAS-83364957,Measurement_423,TRF-44703B4B,Power,22-01-17,100,0.71,Active
MEAS-7D1ABEFC,Measurement_424,TRF-5921A4D8,Power,27-09-24,50,0.36,Active
MEAS-2D65201A,Measurement_425,TRF-C8E4D802,Current,07-06-18,1,0.86,Active
MEAS-4CC25B33,Measurement_426,TRF-40504914,Temperature,12-02-23,10,1.66,Active
MEAS-8B564029,Measurement_427,TRF-A642FAF4,Voltage,06-01-22,1,0.47,Active
MEAS-3E64CACF,Measurement_428,TRF-487B8C63,Power,23-12-15,10,1.76,Active
MEAS-A329C090,Measurement_429,TRF-56C57401,Current,29-10-20,50,0.71,Active
MEAS-9FB72EEF,Measurement_430,TRF-267B1BFD,Voltage,20-09-17,100,1.53,Active
MEAS-D114BDE9,Measurement_431,TRF-F956E9F2,Temperature,02-01-15,1,1.09,Active
MEAS-11803987,Measurement_432,TRF-FC566C78,Temperature,11-03-19,10,0.57,Active
MEAS-ABB2C2A1,Measurement_433,TRF-526BEAA5,Temperature,26-11-22,50,1.21,Active
MEAS-3A9F418C,Measurement_434,TRF-47CA2566,Temperature,15-04-18,1,0.97,Active
MEAS-20F1E531,Measurement_435,TRF-CDB6E945,Temperature,02-04-16,1,0.88,Active
MEAS-51527437,Measurement_436,TRF-682AF986,Current,07-02-16,100,1.29,Active
MEAS-1CFD957F,Measurement_437,TRF-E21ACF6A,Temperature,09-02-23,50,1.62,Active
MEAS-EC3E50E3,Measurement_438,TRF-F737FF89,Temperature,19-10-15,1,1.58,Active
MEAS-5234A3F2,Measurement_439,TRF-4DCD3A3F,Power,20-01-21,10,0.87,Active
MEAS-E1C007BA,Measurement_440,TRF-E81B8ED7,Power,30-12-18,100,1.14,Active
MEAS-DF43EFE3,Measurement_441,TRF-21BBE98F,Temperature,05-03-21,1,1.92,Active
MEAS-E09707A5,Measurement_442,TRF-6135FC2B,Current,11-11-18,100,0.7,Active
MEAS-3AE0C176,Measurement_443,TRF-BEDBE432,Current,14-02-19,10,1.43,Active
MEAS-5201FF1A,Measurement_444,TRF-E784BF1E,Temperature,18-04-24,10,0.21,Active
MEAS-B9F05C8D,Measurement_445,TRF-089B7C48,Power,16-10-17,100,1.7,Active
MEAS-C247B7B5,Measurement_446,TRF-A1072B8D,Power,28-10-24,50,1.53,Active
MEAS-41AEC84D,Measurement_447,TRF-F27657EC,Voltage,26-06-15,50,1.67,Active
MEAS-812AB9A4,Measurement_448,TRF-ED3F5DCA,Current,16-06-16,100,0.42,Active
MEAS-B589DF12,Measurement_449,TRF-5387E1F7,Voltage,22-11-20,100,1.45,Active
MEAS-937DF7B4,Measurement_450,TRF-01B1DE9E,Power,26-06-19,100,1.63,Active
MEAS-1F88E1A8,Measurement_451,TRF-5D9EC70C,Power,17-07-15,1,1.56,Active
MEAS-608D9D0A,Measurement_452,TRF-B55B7694,Current,26-08-20,10,1.22,Active
MEAS-5546CA80,Measurement_453,TRF-0EDB3EDE,Temperature,01-05-19,1,1.16,Active
MEAS-BBF1492A,Measurement_454,TRF-329A2F9C,Power,23-09-22,10,0.86,Active
MEAS-6A221C76,Measurement_455,TRF-5352DF13,Power,19-07-24,1,1.47,Active
MEAS-61DE525D,Measurement_456,TRF-30D1A7E9,Voltage,17-07-19,1,0.41,Active
MEAS-B6260E8A,Measurement_457,TRF-741A0C2E,Current,22-12-16,50,1.88,Active
MEAS-DC53476E,Measurement_458,TRF-6E795249,Temperature,18-07-24,1,0.15,Active
MEAS-0D3D090C,Measurement_459,TRF-44251C39,Power,13-12-20,1,1.02,Active
MEAS-9CD3F4DA,Measurement_460,TRF-9A983852,Power,04-11-23,100,0.92,Active
MEAS-71492A64,Measurement_461,TRF-D990E842,Temperature,01-09-16,50,0.32,Active
MEAS-02313B01,Measurement_462,TRF-BDD21126,Temperature,15-02-17,1,0.59,Active
MEAS-52D5AB2C,Measurement_463,TRF-022AA10C,Power,04-08-20,1,1.11,Active
MEAS-26B57923,Measurement_464,TRF-4CA4AB1D,Current,04-03-23,10,1.68,Active
MEAS-A3D1D03C,Measurement_465,TRF-B16748CA,Current,16-02-23,1,1.16,Active
MEAS-653D36E2,Measurement_466,TRF-82EB2AD8,Power,19-03-22,50,0.18,Active
MEAS-8F8E3D68,Measurement_467,TRF-6D7A48CF,Current,08-01-21,10,0.57,Active
MEAS-EBF1DF04,Measurement_468,TRF-522437CA,Power,25-11-23,50,1.4,Active
MEAS-38F3FFE0,Measurement_469,TRF-54840AD9,Temperature,22-02-22,100,1.75,Active
MEAS-829186BF,Measurement_470,TRF-91AF61EA,Voltage,01-10-16,100,1.9,Active
MEAS-B2789FB9,Measurement_471,TRF-0250A9D7,Temperature,01-02-21,1,1.91,Active
MEAS-A19A0E30,Measurement_472,TRF-0EDB0CC3,Current,28-12-23,50,1.43,Active
MEAS-E11CBC38,Measurement_473,TRF-97CD4529,Voltage,06-09-19,1,1.54,Active
MEAS-DC959A86,Measurement_474,TRF-A6A4D223,Power,30-09-22,100,1.91,Active
MEAS-09780E3F,Measurement_475,TRF-80ACACC9,Power,19-11-18,1,0.19,Active
MEAS-7E30AC11,Measurement_476,TRF-6D4018C6,Temperature,08-10-16,100,0.12,Active
MEAS-00A74417,Measurement_477,TRF-BEC85B81,Voltage,01-05-24,10,1.59,Active
MEAS-1C8C408F,Measurement_478,TRF-A8239FFC,Current,29-06-21,10,1.6,Active
MEAS-4C3A7B8F,Measurement_479,TRF-1A0694C5,Power,31-03-23,1,1.63,Active
MEAS-ABC09A47,Measurement_480,TRF-7DABC19F,Current,28-03-21,10,1.54,Active
MEAS-BD040202,Measurement_481,TRF-BFB5F227,Temperature,13-06-16,1,0.28,Active
MEAS-03D88362,Measurement_482,TRF-0F32351C,Temperature,21-08-23,1,1,Active
MEAS-48B283DF,Measurement_483,TRF-427A29E5,Power,04-09-22,50,1.9,Active
MEAS-5B83EEB8,Measurement_484,TRF-3B800CB3,Current,20-10-16,10,0.77,Active
MEAS-E9548D31,Measurement_485,TRF-C3008570,Voltage,26-01-15,1,1.71,Active
MEAS-CD5E6284,Measurement_486,TRF-3E59CA9A,Current,02-04-21,50,0.28,Active
MEAS-07B4EDCF,Measurement_487,TRF-0FEE19EA,Temperature,25-06-16,50,1.3,Active
MEAS-52A0764C,Measurement_488,TRF-324D7BCA,Voltage,06-10-16,50,0.11,Active
MEAS-E3A3176B,Measurement_489,TRF-E34FF51F,Temperature,13-07-17,1,1.98,Active
MEAS-D972232A,Measurement_490,TRF-5AA9C652,Temperature,18-03-18,100,0.14,Active
MEAS-23191A4C,Measurement_491,TRF-3CC61D2D,Temperature,07-04-17,100,1.01,Active
MEAS-F2941AAC,Measurement_492,TRF-B2586600,Power,14-04-20,1,1.17,Active
MEAS-FD4669F5,Measurement_493,TRF-7562AD67,Power,04-04-22,50,1.1,Active
MEAS-0710A866,Measurement_494,TRF-21E50199,Power,24-03-24,50,0.94,Active
MEAS-8A9AA533,Measurement_495,TRF-5A779FC7,Voltage,23-10-20,10,0.58,Active
MEAS-4CB9F9AF,Measurement_496,TRF-15D51421,Power,01-04-15,100,0.13,Active
MEAS-B2F9EACF,Measurement_497,TRF-2D71BE14,Voltage,24-07-15,1,1.79,Active
MEAS-54F7B56B,Measurement_498,TRF-D954370F,Current,18-02-20,1,0.31,Active
MEAS-37260875,Measurement_499,TRF-5E806F57,Power,31-05-15,10,0.38,Active
MEAS-910C6789,Measurement_500,TRF-7415017A,Power,23-04-24,50,0.4,Active
MEAS-69F9D877,Measurement_501,TRF-8B950D71,Power,02-09-21,10,1.21,Active
MEAS-537DC7EE,Measurement_502,TRF-234703FD,Current,04-09-15,50,0.42,Active
MEAS-C364E098,Measurement_503,TRF-10D481BC,Power,26-10-23,10,1.57,Active
MEAS-CB8DCB2F,Measurement_504,TRF-7783FF93,Current,26-09-18,10,1.86,Active
MEAS-E9B5434B,Measurement_505,TRF-4A7FB2F6,Temperature,01-12-23,10,0.49,Active
MEAS-32C40A13,Measurement_506,TRF-1330C430,Voltage,21-02-23,1,0.79,Active
MEAS-80B833EC,Measurement_507,TRF-0A6F06FE,Temperature,24-07-15,1,1.36,Active
MEAS-D5A1045D,Measurement_508,TRF-61EE2250,Current,01-06-23,50,0.23,Active
MEAS-DA8D885B,Measurement_509,TRF-21D28AC0,Current,22-02-16,100,0.3,Active
MEAS-81C1E2A2,Measurement_510,TRF-04032B1A,Current,24-04-15,50,0.29,Active
MEAS-6A85EA70,Measurement_511,TRF-83D9DD54,Voltage,08-01-24,1,1.41,Active
MEAS-778ABA5C,Measurement_512,TRF-897234B4,Temperature,14-06-22,1,1.59,Active
MEAS-F5195DAE,Measurement_513,TRF-D34FFB59,Power,30-05-19,100,0.26,Active
MEAS-152123FF,Measurement_514,TRF-B9DA8FAE,Voltage,22-03-20,50,1.98,Active
MEAS-4FCAEB2D,Measurement_515,TRF-87200CF4,Voltage,18-03-19,100,0.2,Active
MEAS-84243731,Measurement_516,TRF-40849596,Current,08-12-23,1,1.79,Active
MEAS-FFD8E907,Measurement_517,TRF-60BE72A3,Voltage,08-06-18,1,0.39,Active
MEAS-E454B525,Measurement_518,TRF-79B90513,Current,15-03-18,10,1.44,Active
MEAS-D52B4C6F,Measurement_519,TRF-F816A9E5,Power,07-05-20,50,2,Active
MEAS-AEADD4A3,Measurement_520,TRF-1A6D2F76,Temperature,27-08-15,10,0.53,Active
MEAS-56A7E63D,Measurement_521,TRF-304860EA,Voltage,08-10-20,100,0.14,Active
MEAS-0894C1A5,Measurement_522,TRF-C482357A,Power,05-04-15,1,1.14,Active
MEAS-A455316D,Measurement_523,TRF-8D0FD5FE,Voltage,23-12-19,50,0.5,Active
MEAS-BEA5772B,Measurement_524,TRF-6EC8265F,Power,17-03-20,50,1.1,Active
MEAS-604635C6,Measurement_525,TRF-B22A5D08,Voltage,18-04-15,1,0.17,Active
MEAS-6069D25A,Measurement_526,TRF-374D10EB,Current,27-02-23,10,1.07,Active
MEAS-F7EE4C49,Measurement_527,TRF-E347FEEE,Power,04-12-23,1,0.29,Active
MEAS-2B363238,Measurement_528,TRF-7764BB89,Power,05-07-21,100,0.96,Active
MEAS-C88C397A,Measurement_529,TRF-BB2B85B9,Voltage,04-07-18,1,0.34,Active
MEAS-72FB9EAD,Measurement_530,TRF-018D0C8D,Power,08-06-16,50,0.93,Active
MEAS-1A9BB964,Measurement_531,TRF-5413DC58,Power,10-07-24,100,1.56,Active
MEAS-F87AD57C,Measurement_532,TRF-B9ED7385,Temperature,18-06-19,100,0.69,Active
MEAS-BA8DC21D,Measurement_533,TRF-D016F1EA,Current,21-11-19,10,1.43,Active
MEAS-5F9C0682,Measurement_534,TRF-DB90B59F,Power,03-03-24,50,1.11,Active
MEAS-6C9C1DB6,Measurement_535,TRF-03141A85,Voltage,22-05-24,1,0.46,Active
MEAS-8569A663,Measurement_536,TRF-D76F1C7E,Current,16-03-18,1,1.99,Active
MEAS-375A5ECA,Measurement_537,TRF-4D7CBE42,Power,03-08-19,1,1.09,Active
MEAS-551517B0,Measurement_538,TRF-69D82438,Temperature,10-08-15,1,1.08,Active
MEAS-75A46EE2,Measurement_539,TRF-51A546C1,Current,11-12-23,100,1.91,Active
MEAS-6FBFFE7C,Measurement_540,TRF-99287DD4,Current,05-02-15,1,1.8,Active
MEAS-D22C1E2F,Measurement_541,TRF-958E664E,Voltage,07-03-20,100,0.46,Active
MEAS-F482FB38,Measurement_542,TRF-D06C5D7E,Current,05-02-23,100,1.06,Active
MEAS-D8A7256B,Measurement_543,TRF-6482900D,Voltage,05-02-19,100,0.12,Active
MEAS-F84D0198,Measurement_544,TRF-F533500E,Temperature,08-12-16,50,1.49,Active
MEAS-3A7CD5AD,Measurement_545,TRF-1AF1E278,Temperature,21-09-19,50,0.99,Active
MEAS-6B537CA8,Measurement_546,TRF-87E412AA,Voltage,07-11-15,100,0.56,Active
MEAS-53040557,Measurement_547,TRF-2FD1C3F1,Temperature,08-05-24,10,0.73,Active
MEAS-65AAB29B,Measurement_548,TRF-495F8566,Voltage,18-02-20,100,0.42,Active
MEAS-4D940525,Measurement_549,TRF-E89321FE,Current,28-06-15,10,1.68,Active
MEAS-663E9C69,Measurement_550,TRF-89F6C13A,Current,07-01-19,50,1.55,Active
MEAS-C3E0F5F5,Measurement_551,TRF-274927A9,Current,13-07-22,10,0.76,Active
MEAS-B487B6FD,Measurement_552,TRF-719D7A01,Temperature,08-08-19,100,1.34,Active
MEAS-C91E3428,Measurement_553,TRF-261E4FE7,Power,23-03-19,100,0.58,Active
MEAS-DE15DB5A,Measurement_554,TRF-93CBAB9E,Current,09-01-15,50,1.18,Active
MEAS-1D1BBA27,Measurement_555,TRF-FFBF0966,Power,04-12-24,1,0.33,Active
MEAS-8F8D77E4,Measurement_556,TRF-C0F0C371,Current,27-05-15,10,0.84,Active
MEAS-CF361CEB,Measurement_557,TRF-A5DCB551,Voltage,02-02-23,1,1.99,Active
MEAS-33315E69,Measurement_558,TRF-4EEFD747,Temperature,12-02-24,50,1.45,Active
MEAS-A80F0905,Measurement_559,TRF-8F804E13,Current,16-10-16,100,1.11,Active
MEAS-A402DA6D,Measurement_560,TRF-FC1E0D0D,Voltage,20-07-19,100,0.64,Active
MEAS-37394AC3,Measurement_561,TRF-83239AAD,Current,04-12-18,50,0.18,Active
MEAS-F3C9E792,Measurement_562,TRF-B68ED922,Current,03-05-20,100,0.27,Active
MEAS-1D64AC50,Measurement_563,TRF-28EDDDF8,Temperature,19-12-16,50,0.67,Active
MEAS-2B60CDF8,Measurement_564,TRF-44D6D29A,Power,30-12-19,10,1.44,Active
MEAS-AF02FF80,Measurement_565,TRF-3DD704FC,Current,02-09-23,1,1.78,Active
MEAS-73E57890,Measurement_566,TRF-B7B91F72,Power,22-06-18,100,1.16,Active
MEAS-A7CA476C,Measurement_567,TRF-F97005B2,Power,11-11-20,100,1.81,Active
MEAS-D78B4F2F,Measurement_568,TRF-F4A50547,Current,05-01-16,1,0.5,Active
MEAS-6C4738FA,Measurement_569,TRF-43C9B1EB,Temperature,20-01-21,50,0.75,Active
MEAS-79C54D02,Measurement_570,TRF-1F3BEE7D,Power,02-08-16,10,1.87,Active
MEAS-C5FD5474,Measurement_571,TRF-DDC04DD5,Power,22-10-17,100,1.76,Active
MEAS-1490AEA4,Measurement_572,TRF-077262F8,Power,17-10-15,1,0.65,Active
MEAS-DC0F15DF,Measurement_573,TRF-04256928,Temperature,04-02-20,10,1.77,Active
MEAS-734F8D59,Measurement_574,TRF-A1B32B60,Power,27-11-21,1,0.37,Active
MEAS-41700D82,Measurement_575,TRF-16AA895A,Current,29-07-23,1,1.36,Active
MEAS-424F94D4,Measurement_576,TRF-0F2C99BE,Voltage,14-06-20,10,1.68,Active
MEAS-D27CF95B,Measurement_577,TRF-A2F6DAD8,Temperature,16-08-18,100,1.63,Active
MEAS-00D26291,Measurement_578,TRF-AE59B8CE,Current,15-10-16,1,0.34,Active
MEAS-AEBB2024,Measurement_579,TRF-9DCB9331,Temperature,19-10-17,10,1.61,Active
MEAS-A8F9A930,Measurement_580,TRF-DDD036A1,Voltage,02-06-16,10,0.92,Active
MEAS-EA051FE0,Measurement_581,TRF-371ACB5C,Temperature,10-10-19,10,1.36,Active
MEAS-76B0DEBE,Measurement_582,TRF-0A2470FD,Voltage,17-02-19,100,1.72,Active
MEAS-18261C2D,Measurement_583,TRF-746DC102,Temperature,10-08-22,1,0.11,Active
MEAS-7502EB5F,Measurement_584,TRF-C98359DB,Current,13-06-23,100,1.5,Active
MEAS-0413D1F6,Measurement_585,TRF-F067993C,Temperature,26-02-21,100,1.73,Active
MEAS-53161809,Measurement_586,TRF-60CB0F47,Current,28-08-19,10,1.56,Active
MEAS-E18BD49B,Measurement_587,TRF-A9A24E1A,Power,24-10-17,1,1.24,Active
MEAS-BE644FD9,Measurement_588,TRF-24E0CAB0,Current,09-05-15,1,1.08,Active
MEAS-81E532A0,Measurement_589,TRF-08ABDB77,Voltage,08-02-22,50,1,Active
MEAS-9664F5B2,Measurement_590,TRF-8A1E6846,Current,22-01-19,10,1.35,Active
MEAS-8709801E,Measurement_591,TRF-5F2FDD69,Temperature,17-07-21,50,1.41,Active
MEAS-51D868A2,Measurement_592,TRF-4C1CDA5C,Voltage,08-09-20,100,1.96,Active
MEAS-8B0F554E,Measurement_593,TRF-D098E98A,Power,25-09-20,50,1.56,Active
MEAS-0EC71659,Measurement_594,TRF-1F42D6D6,Temperature,26-04-23,50,0.68,Active
MEAS-80985CDD,Measurement_595,TRF-44931341,Voltage,13-12-22,100,1.6,Active
MEAS-ADFCDA52,Measurement_596,TRF-E6D65F6E,Temperature,28-07-15,100,1.92,Active
MEAS-DC7A8484,Measurement_597,TRF-A26D163E,Current,05-04-22,50,1.91,Active
MEAS-1A968EE6,Measurement_598,TRF-A2239550,Current,19-02-18,50,0.89,Active
MEAS-B0C41930,Measurement_599,TRF-2822380F,Temperature,04-12-15,10,0.52,Active
MEAS-0CE497D3,Measurement_600,TRF-C74B2789,Power,04-06-20,1,1.81,Active
MEAS-8D1CF30D,Measurement_601,TRF-064CB815,Current,14-01-20,100,1.27,Active
MEAS-1A59758E,Measurement_602,TRF-0D995E45,Power,19-05-18,50,1.36,Active
MEAS-051CEDF4,Measurement_603,TRF-2D7E8F64,Power,24-12-21,100,0.24,Active
MEAS-A8E419B5,Measurement_604,TRF-32E77791,Power,17-09-21,1,1.53,Active
MEAS-315ECE44,Measurement_605,TRF-97D00D87,Power,01-07-19,50,1.11,Active
MEAS-F728BFAE,Measurement_606,TRF-95B0C3F2,Current,07-05-15,100,0.89,Active
MEAS-A81F4F3C,Measurement_607,TRF-28B18591,Voltage,13-09-23,1,1.72,Active
MEAS-B7D84A88,Measurement_608,TRF-2C8284C9,Voltage,27-05-18,1,0.19,Active
MEAS-84C041E7,Measurement_609,TRF-10903335,Power,12-09-21,50,0.26,Active
MEAS-CA3CC6DB,Measurement_610,TRF-3C7E72AC,Power,11-10-18,100,0.48,Active
MEAS-4098F034,Measurement_611,TRF-14923FEA,Power,05-10-15,1,1.57,Active
MEAS-2CF46F09,Measurement_612,TRF-F010693D,Temperature,12-03-15,50,1.74,Active
MEAS-56B33CCE,Measurement_613,TRF-6D1117C8,Power,13-02-18,1,1.41,Active
MEAS-F2882BC4,Measurement_614,TRF-4F984064,Power,07-09-19,1,1.29,Active
MEAS-4526CA8D,Measurement_615,TRF-D0349D6D,Temperature,22-10-23,1,1.32,Active
MEAS-9AE69C08,Measurement_616,TRF-C5592629,Voltage,21-07-16,100,1.84,Active
MEAS-6646E210,Measurement_617,TRF-01867AEB,Power,04-02-20,10,1.14,Active
MEAS-FF0D9EA0,Measurement_618,TRF-41A4C26C,Power,25-12-20,100,1.9,Active
MEAS-D36AF5D0,Measurement_619,TRF-823DB06C,Voltage,22-02-22,1,1.05,Active
MEAS-03748336,Measurement_620,TRF-DB32B9ED,Current,08-12-24,100,0.45,Active
MEAS-2F2D75F3,Measurement_621,TRF-7A6FEB6A,Power,12-01-16,1,0.73,Active
MEAS-A71E8637,Measurement_622,TRF-0AB555BF,Power,15-11-21,50,0.55,Active
MEAS-5802DB52,Measurement_623,TRF-50556735,Voltage,01-02-20,50,1.55,Active
MEAS-906BC515,Measurement_624,TRF-60201D81,Temperature,21-04-16,100,1.79,Active
MEAS-9ADD3AE3,Measurement_625,TRF-E9A52B26,Power,30-11-18,50,1.25,Active
MEAS-312017A1,Measurement_626,TRF-518601AC,Temperature,06-05-17,100,0.4,Active
MEAS-42326372,Measurement_627,TRF-C2D14B3B,Temperature,16-10-16,50,1.45,Active
MEAS-79E199D2,Measurement_628,TRF-6F0C2DFF,Power,17-02-22,10,1.68,Active
MEAS-FD29DDEB,Measurement_629,TRF-7666F8EA,Voltage,29-12-16,10,0.82,Active
MEAS-EE12F717,Measurement_630,TRF-6C9C8571,Power,05-11-21,100,0.51,Active
MEAS-5CBF7C9B,Measurement_631,TRF-BFD4A5A6,Temperature,08-07-15,100,0.5,Active
MEAS-772D82F2,Measurement_632,TRF-11C0AE49,Temperature,26-08-15,100,1.22,Active
MEAS-C2697DD0,Measurement_633,TRF-73F7C616,Current,13-05-17,50,0.44,Active
MEAS-A47712D6,Measurement_634,TRF-EA2F459C,Temperature,02-09-23,50,1.6,Active
MEAS-AA5409EC,Measurement_635,TRF-14AF2EA3,Voltage,09-10-18,100,1.85,Active
MEAS-2B878A99,Measurement_636,TRF-012FE7D7,Power,18-03-19,10,0.78,Active
MEAS-5B57ABDE,Measurement_637,TRF-1E4D67A0,Temperature,14-03-20,100,1.89,Active
MEAS-A386DFBC,Measurement_638,TRF-14F16957,Voltage,15-04-21,1,1.73,Active
MEAS-C3597C3E,Measurement_639,TRF-E7455D6E,Current,02-11-24,10,1.8,Active
MEAS-9EC8C53C,Measurement_640,TRF-593FD9BB,Current,19-06-16,100,1.31,Active
MEAS-465605CD,Measurement_641,TRF-E0EFBB20,Voltage,29-07-23,1,1.96,Active
MEAS-A654EF0A,Measurement_642,TRF-472F2640,Current,20-08-18,10,1.4,Active
MEAS-7B950522,Measurement_643,TRF-1A519A7B,Temperature,25-11-23,50,0.71,Active
MEAS-490207A3,Measurement_644,TRF-EE8EB8E2,Voltage,13-08-21,10,0.75,Active
MEAS-C9969DEC,Measurement_645,TRF-93DEC2B7,Temperature,19-10-16,10,0.61,Active
MEAS-E91814AD,Measurement_646,TRF-D1A160DC,Voltage,04-11-18,10,1,Active
MEAS-819220CB,Measurement_647,TRF-0A84101B,Temperature,05-12-16,10,1.07,Active
MEAS-5C174C05,Measurement_648,TRF-B157CFA1,Power,23-01-20,10,1.58,Active
MEAS-6392BE4C,Measurement_649,TRF-3CE3E202,Temperature,14-01-22,10,1.51,Active
MEAS-70BD6C32,Measurement_650,TRF-7B4213B3,Temperature,18-10-23,10,1.61,Active
MEAS-ED7B3D40,Measurement_651,TRF-57F1D40C,Temperature,21-03-20,100,0.85,Active
MEAS-3DC465A3,Measurement_652,TRF-772286D5,Current,23-09-18,50,0.41,Active
MEAS-8E6D2B42,Measurement_653,TRF-E8F828CA,Current,01-11-19,1,1.1,Active
MEAS-54C097DC,Measurement_654,TRF-79C90EF0,Temperature,23-02-20,1,0.22,Active
MEAS-19D9083D,Measurement_655,TRF-476AB673,Voltage,26-01-23,1,0.55,Active
MEAS-A7205C13,Measurement_656,TRF-9415A4F7,Current,06-03-20,1,1.61,Active
MEAS-2202DBB4,Measurement_657,TRF-CE241410,Current,25-06-17,10,0.26,Active
MEAS-79F9FE9C,Measurement_658,TRF-87EA5263,Voltage,14-09-22,1,1.51,Active
MEAS-41DCC9D5,Measurement_659,TRF-48C7CBD5,Current,10-09-22,10,0.16,Active
MEAS-8A7CBA99,Measurement_660,TRF-88EB83B8,Voltage,21-11-21,50,0.98,Active
MEAS-5558054D,Measurement_661,TRF-F909C69E,Power,09-01-15,10,0.93,Active
MEAS-CE6D7B0B,Measurement_662,TRF-1FC73D08,Temperature,29-05-22,1,1.16,Active
MEAS-4A8EE9DB,Measurement_663,TRF-2671748C,Power,19-10-19,1,1.75,Active
MEAS-0B5C537F,Measurement_664,TRF-77070C0F,Voltage,06-09-22,100,0.41,Active
MEAS-E12DD703,Measurement_665,TRF-D3414762,Power,04-11-15,50,1.16,Active
MEAS-2F850F0F,Measurement_666,TRF-8FC412EE,Current,02-12-22,50,1.47,Active
MEAS-A228B264,Measurement_667,TRF-5D3B016D,Power,09-06-22,1,1.25,Active
MEAS-F151624F,Measurement_668,TRF-4A33236D,Power,29-05-23,10,1.03,Active
MEAS-3499346E,Measurement_669,TRF-26116DBA,Current,22-11-16,1,1.83,Active
MEAS-1192741A,Measurement_670,TRF-939DE894,Current,17-06-18,10,1.8,Active
MEAS-61D1C704,Measurement_671,TRF-44E45EF8,Power,06-08-21,10,1.58,Active
MEAS-0F2DF481,Measurement_672,TRF-4A769576,Voltage,16-07-24,10,0.41,Active
MEAS-5C5E0509,Measurement_673,TRF-4149EA0C,Voltage,15-07-16,10,0.51,Active
MEAS-52123FCC,Measurement_674,TRF-FBDFA611,Voltage,07-07-24,50,1.16,Active
MEAS-E82947BA,Measurement_675,TRF-2E4EB046,Current,03-02-16,100,1.46,Active
MEAS-18F7333C,Measurement_676,TRF-A08FD378,Temperature,19-05-22,10,0.67,Active
MEAS-84303416,Measurement_677,TRF-FEFB02A4,Power,27-01-18,10,1.05,Active
MEAS-22529562,Measurement_678,TRF-C45FE69B,Power,14-02-15,50,0.77,Active
MEAS-F37D952F,Measurement_679,TRF-0B2FD564,Temperature,11-01-18,10,1.48,Active
MEAS-C099984C,Measurement_680,TRF-3B9B4AF8,Current,18-04-23,50,0.28,Active
MEAS-B7E2CB53,Measurement_681,TRF-80B3CAB1,Temperature,31-07-23,10,1.21,Active
MEAS-2307E93F,Measurement_682,TRF-6606F7B1,Power,21-06-18,50,1.03,Active
MEAS-52B1E549,Measurement_683,TRF-D35ECAB2,Temperature,16-06-21,10,1.94,Active
MEAS-58E2F67F,Measurement_684,TRF-56983722,Voltage,16-02-18,10,1.52,Active
MEAS-B1150F2E,Measurement_685,TRF-B5C5625F,Temperature,16-11-20,100,1.51,Active
MEAS-F3574947,Measurement_686,TRF-58BA3C6C,Temperature,03-09-19,10,1.34,Active
MEAS-09273314,Measurement_687,TRF-2A116BE3,Voltage,07-04-19,50,1.25,Active
MEAS-83C0CFF4,Measurement_688,TRF-B5B89814,Temperature,20-06-23,100,1.73,Active
MEAS-6984CCE2,Measurement_689,TRF-2D3092C4,Temperature,27-12-22,1,0.33,Active
MEAS-3FE766CC,Measurement_690,TRF-DA029BBA,Temperature,25-06-18,1,0.2,Active
MEAS-9A3FB988,Measurement_691,TRF-2E4AB2B1,Temperature,01-05-16,1,1.07,Active
MEAS-DAB696E6,Measurement_692,TRF-978D00B2,Current,30-06-17,10,1.72,Active
MEAS-C4331F7D,Measurement_693,TRF-A4C28329,Current,21-04-22,100,1.42,Active
MEAS-68B2AB30,Measurement_694,TRF-44207EA1,Temperature,10-09-17,10,1.68,Active
MEAS-05338C20,Measurement_695,TRF-75484DDF,Temperature,30-09-23,10,1.13,Active
MEAS-2C85D2C1,Measurement_696,TRF-3D94CC13,Current,22-03-16,10,0.18,Active
MEAS-C299CC1A,Measurement_697,TRF-73219D7C,Power,09-07-18,100,0.98,Active
MEAS-F749AF85,Measurement_698,TRF-4CC4CFD2,Voltage,24-05-21,10,1.05,Active
MEAS-B1DCEEAB,Measurement_699,TRF-027533AD,Power,26-02-19,100,0.49,Active
MEAS-0304BB94,Measurement_700,TRF-0A413A17,Power,09-11-16,50,0.57,Active
MEAS-0262B228,Measurement_701,TRF-76CB9603,Current,07-12-18,1,0.59,Active
MEAS-9AD86D9D,Measurement_702,TRF-14162C4E,Current,12-04-21,1,0.26,Active
MEAS-6B1F9C9C,Measurement_703,TRF-36E7E4CA,Voltage,28-04-22,1,1.24,Active
MEAS-27E843FB,Measurement_704,TRF-6168B760,Voltage,08-11-19,100,0.17,Active
MEAS-474648A4,Measurement_705,TRF-571621EB,Power,02-03-21,50,0.84,Active
MEAS-D0767CEE,Measurement_706,TRF-9BCE1A03,Voltage,22-08-17,100,1,Active
MEAS-F55A30E5,Measurement_707,TRF-76CC36F0,Voltage,12-05-21,10,1.86,Active
MEAS-40FC0297,Measurement_708,TRF-5E508577,Temperature,25-12-16,10,1.34,Active
MEAS-5366E2F7,Measurement_709,TRF-B460742F,Power,03-10-21,50,0.87,Active
MEAS-B635092F,Measurement_710,TRF-8EDDB558,Temperature,20-05-20,50,0.59,Active
MEAS-42B4F549,Measurement_711,TRF-37B61C75,Power,06-06-21,1,0.64,Active
MEAS-E40E206E,Measurement_712,TRF-A2C378C8,Power,30-08-17,50,0.6,Active
MEAS-6D461E8E,Measurement_713,TRF-C7EC78F6,Voltage,17-10-24,100,1.91,Active
MEAS-8A59D018,Measurement_714,TRF-4DF4D21D,Voltage,09-01-21,50,1.34,Active
MEAS-3FE6AFEB,Measurement_715,TRF-49C98AC1,Voltage,22-10-15,100,0.77,Active
MEAS-5E2FE980,Measurement_716,TRF-FFFC8FF8,Voltage,18-07-17,10,1.77,Active
MEAS-0E486DCC,Measurement_717,TRF-785EE810,Voltage,04-06-19,1,1.49,Active
MEAS-C1F92FE9,Measurement_718,TRF-7C334C86,Voltage,20-06-15,10,1.96,Active
MEAS-3FCEB1F4,Measurement_719,TRF-4DCA33D8,Current,13-09-17,10,1.7,Active
MEAS-75545D23,Measurement_720,TRF-120EC3FA,Voltage,01-02-22,10,1.72,Active
MEAS-3F1C5368,Measurement_721,TRF-0CC40B48,Voltage,14-06-16,100,1.79,Active
MEAS-D3CC842F,Measurement_722,TRF-8FC01369,Power,24-04-22,50,0.24,Active
MEAS-B48B305B,Measurement_723,TRF-D12730BA,Current,01-05-17,10,1.6,Active
MEAS-A9D92199,Measurement_724,TRF-C7129AD0,Voltage,22-07-22,1,0.22,Active
MEAS-8A3B97CE,Measurement_725,TRF-EBA734A9,Power,01-11-19,50,1.79,Active
MEAS-46B1479E,Measurement_726,TRF-6FBF608F,Power,21-12-16,10,0.65,Active
MEAS-0368F0E2,Measurement_727,TRF-46E46E5D,Temperature,01-01-17,10,0.54,Active
MEAS-E1EB2BD6,Measurement_728,TRF-B7C1A947,Temperature,05-02-22,1,1.21,Active
MEAS-012C19A3,Measurement_729,TRF-47070067,Power,17-03-17,1,1.33,Active
MEAS-F49E243D,Measurement_730,TRF-E2DC7EC8,Voltage,15-02-21,100,0.51,Active
MEAS-F4D6CBE7,Measurement_731,TRF-46072055,Voltage,23-09-15,1,1.79,Active
MEAS-2307CD03,Measurement_732,TRF-14E5760F,Temperature,02-08-21,50,0.86,Active
MEAS-624B2E72,Measurement_733,TRF-0499EBEE,Voltage,01-07-24,1,1.18,Active
MEAS-AEF7214D,Measurement_734,TRF-074F8148,Current,18-10-18,50,1.44,Active
MEAS-F3586FEB,Measurement_735,TRF-092C0E21,Voltage,18-06-18,10,0.24,Active
MEAS-0FCEBFD2,Measurement_736,TRF-CA3508AF,Voltage,16-04-19,50,0.64,Active
MEAS-9B786328,Measurement_737,TRF-91CA4481,Power,15-04-22,1,1.95,Active
MEAS-C1585879,Measurement_738,TRF-2FFF01EB,Power,28-01-20,1,0.31,Active
MEAS-AB6626E2,Measurement_739,TRF-975C276C,Current,09-05-15,10,0.66,Active
MEAS-F4992880,Measurement_740,TRF-02B2443A,Power,15-10-17,50,0.94,Active
MEAS-548F0621,Measurement_741,TRF-24D9AF51,Current,07-06-21,100,0.76,Active
MEAS-6C3BC9BF,Measurement_742,TRF-D685E5B4,Temperature,16-06-22,50,1.96,Active
MEAS-4F9DE046,Measurement_743,TRF-BB2849CF,Voltage,28-07-16,1,1.02,Active
MEAS-D43F69D7,Measurement_744,TRF-5A0ABF52,Voltage,29-06-24,50,1.57,Active
MEAS-DC5C853E,Measurement_745,TRF-1197061B,Current,10-08-20,10,1.2,Active
MEAS-5053155F,Measurement_746,TRF-C45B2847,Power,07-11-21,50,1.99,Active
MEAS-5013B76C,Measurement_747,TRF-AA2EFB1B,Power,18-10-23,50,1.64,Active
MEAS-83FF765F,Measurement_748,TRF-C3B91D6E,Voltage,25-08-15,10,0.83,Active
MEAS-B423D0F0,Measurement_749,TRF-308A15FF,Current,28-06-19,10,1.38,Active
MEAS-25A4BA00,Measurement_750,TRF-A7A964A3,Power,17-08-18,100,1.28,Active
MEAS-CF5275DC,Measurement_751,TRF-1A21E2A0,Voltage,04-12-24,1,1.24,Active
MEAS-352E768A,Measurement_752,TRF-C1FCB91C,Current,18-08-19,100,0.65,Active
MEAS-AA03D6F5,Measurement_753,TRF-1C74F5DD,Current,17-11-21,10,1.26,Active
MEAS-120CF18C,Measurement_754,TRF-A855EA53,Voltage,13-08-22,100,1.09,Active
MEAS-46D1B9A6,Measurement_755,TRF-8DB8D141,Power,01-03-17,50,1.72,Active
MEAS-73F85236,Measurement_756,TRF-619FD54A,Voltage,22-10-15,50,0.47,Active
MEAS-44E0D11F,Measurement_757,TRF-10DE6469,Current,16-10-16,100,1.85,Active
MEAS-EA75F238,Measurement_758,TRF-A92173D8,Current,21-12-22,100,1.61,Active
MEAS-398BBC46,Measurement_759,TRF-D3461B04,Current,19-10-21,10,1.27,Active
MEAS-B6F3C5CD,Measurement_760,TRF-6AE1A667,Power,05-11-23,1,1.58,Active
MEAS-3DB0DC71,Measurement_761,TRF-3C0C5B13,Power,27-04-17,100,0.39,Active
MEAS-DC71B683,Measurement_762,TRF-CA866BB8,Power,13-01-24,10,1.16,Active
MEAS-0E89B989,Measurement_763,TRF-2C115029,Current,17-11-23,100,0.94,Active
MEAS-2505840A,Measurement_764,TRF-8407DC19,Power,15-04-22,10,1.8,Active
MEAS-5F832F1C,Measurement_765,TRF-9FD90B7C,Current,23-11-22,50,1.32,Active
MEAS-A756EDBB,Measurement_766,TRF-C78BD4D4,Current,08-09-22,100,1.62,Active
MEAS-DD027F5D,Measurement_767,TRF-CE5A2DA3,Current,12-02-15,50,0.59,Active
MEAS-54A4E956,Measurement_768,TRF-26D7D5FF,Temperature,27-09-23,100,1.28,Active
MEAS-C756D918,Measurement_769,TRF-5C975C8A,Voltage,15-04-19,50,1.46,Active
MEAS-5EBDFA08,Measurement_770,TRF-D319344C,Voltage,12-01-22,10,1.02,Active
MEAS-2388CD67,Measurement_771,TRF-26C5FC52,Current,14-10-18,10,0.38,Active
MEAS-0972C3F0,Measurement_772,TRF-B5213C6A,Temperature,14-06-18,10,1.2,Active
MEAS-FD81620A,Measurement_773,TRF-D0D411E6,Voltage,23-03-21,1,1.15,Active
MEAS-4F21C880,Measurement_774,TRF-A9E458B4,Voltage,09-09-20,10,0.45,Active
MEAS-C82BB22A,Measurement_775,TRF-9D232F90,Voltage,27-08-24,100,1.8,Active
MEAS-FD24475F,Measurement_776,TRF-52EA6C7E,Current,31-08-18,1,0.69,Active
MEAS-331A6C07,Measurement_777,TRF-49D04B33,Current,19-08-21,1,0.8,Active
MEAS-D2E8DE2C,Measurement_778,TRF-EF9222E1,Current,19-07-19,1,0.35,Active
MEAS-6E19EC31,Measurement_779,TRF-E26E95F5,Voltage,27-07-18,1,1.36,Active
MEAS-0968ED9E,Measurement_780,TRF-CCF086B3,Voltage,24-06-15,50,0.56,Active
MEAS-81849FDE,Measurement_781,TRF-4F74CDB1,Current,17-08-22,1,0.41,Active
MEAS-A5F99CDB,Measurement_782,TRF-4E47D05A,Current,12-03-15,10,1.48,Active
MEAS-6C57039D,Measurement_783,TRF-FE3C7803,Temperature,02-10-21,100,0.41,Active
MEAS-4E39CF74,Measurement_784,TRF-CFAEF522,Current,05-01-17,1,0.24,Active
MEAS-76B0B179,Measurement_785,TRF-D63FE7A6,Current,01-08-22,1,1.42,Active
MEAS-B7D0189A,Measurement_786,TRF-E680F66A,Voltage,12-11-16,1,0.71,Active
MEAS-820527EA,Measurement_787,TRF-AEE018EA,Power,13-11-23,100,0.55,Active
MEAS-A7FD86B2,Measurement_788,TRF-436BA97A,Voltage,19-02-15,10,0.66,Active
MEAS-CD876DBF,Measurement_789,TRF-9FD98202,Power,24-06-23,50,1,Active
MEAS-7D535EB7,Measurement_790,TRF-6049737B,Voltage,05-11-16,1,0.44,Active
MEAS-2F16F7D5,Measurement_791,TRF-69F82533,Power,16-06-18,50,0.77,Active
MEAS-F67E25E5,Measurement_792,TRF-FCB31B3E,Temperature,27-02-18,100,0.61,Active
MEAS-20ED8506,Measurement_793,TRF-07262C24,Power,02-11-15,100,0.69,Active
MEAS-EB009965,Measurement_794,TRF-565141A1,Current,11-01-24,100,0.32,Active
MEAS-B4C1CD9D,Measurement_795,TRF-2C08C4F9,Current,10-08-24,10,0.12,Active
MEAS-74ADD7EC,Measurement_796,TRF-D4181B4A,Current,16-10-23,1,0.15,Active
MEAS-AC6C2185,Measurement_797,TRF-A047379E,Temperature,19-05-16,100,1.91,Active
MEAS-75FC0B1B,Measurement_798,TRF-4A9756DA,Voltage,11-02-16,100,1.28,Active
MEAS-B43B2C05,Measurement_799,TRF-95285C9E,Power,27-10-19,1,0.87,Active
MEAS-0CE75ADE,Measurement_800,TRF-D9EDEAEF,Current,11-12-22,100,0.39,Active
