id,name,type,primary_voltage,secondary_voltage,rating_mva,installed,substation_id,efficiency,status
TRF-664C3287,Transformer_1,Step-Up,20kV,10kV,24,2004-12-30,SUB-4F94E9B4,0.963,Active
TRF-76CB9603,Transformer_2,Distribution,110kV,20kV,98,2006-09-16,SUB-93BD374B,0.962,Active
TRF-B0BD6233,Transformer_3,Power,400kV,110kV,55,2004-04-25,SUB-5651541E,0.958,Active
TRF-6E795249,Transformer_4,Step-Down,110kV,20kV,5,2007-01-18,SUB-AB0AC15E,0.974,Active
TRF-36E7E4CA,Transformer_5,Power,400kV,110kV,23,2022-06-25,SUB-2362C85A,0.959,Standby
TRF-12A3C5AE,Transformer_6,Distribution,20kV,10kV,73,2008-05-19,SUB-71D70482,0.983,Active
TRF-44931341,Transformer_7,Power,110kV,20kV,22,2022-04-07,SUB-7A97AF1F,0.957,Active
TRF-FB140D71,Transformer_8,Step-Up,400kV,110kV,42,2006-02-28,SUB-5651541E,0.953,Active
TRF-AEE9F0FE,Transformer_9,Step-Down,400kV,110kV,18,2008-06-14,SUB-7C38593A,0.969,Standby
TRF-22690B1F,Transformer_10,Power,20kV,10kV,67,2001-04-03,SUB-753DF0FA,0.965,Standby
TRF-73219D7C,Transformer_11,Step-Down,110kV,20kV,13,2019-01-14,SUB-C75EB6D8,0.95,Active
TRF-9A21D87E,Transformer_12,Step-Down,400kV,110kV,49,2004-05-08,SUB-C031CE7E,0.954,Standby
TRF-749AFC69,Transformer_13,Power,20kV,10kV,63,2005-04-17,SUB-F98EAA69,0.952,Active
TRF-E347FEEE,Transformer_14,Power,110kV,20kV,70,2022-10-18,SUB-561304A2,0.963,Standby
TRF-9B71805D,Transformer_15,Distribution,110kV,20kV,47,2010-10-20,SUB-F8A6B751,0.958,Standby
TRF-EF1F6D25,Transformer_16,Distribution,110kV,20kV,58,2002-10-05,SUB-C75EB6D8,0.975,Active
TRF-93DEC2B7,Transformer_17,Power,20kV,10kV,68,2018-06-04,SUB-716960EF,0.97,Active
TRF-FA0E9F44,Transformer_18,Step-Up,400kV,110kV,19,2003-09-21,SUB-B73B3315,0.974,Standby
TRF-82EB2AD8,Transformer_19,Step-Down,110kV,20kV,79,2000-04-14,SUB-C729E33A,0.965,Standby
TRF-9109276B,Transformer_20,Power,110kV,20kV,49,2006-08-25,SUB-094F8390,0.977,Active
TRF-500230C7,Transformer_21,Step-Down,20kV,10kV,14,2019-08-19,SUB-71D70482,0.953,Active
TRF-089B7C48,Transformer_22,Power,110kV,20kV,12,2013-03-25,SUB-E4F41F7A,0.962,Active
TRF-861D75E7,Transformer_23,Step-Up,20kV,10kV,79,2001-09-02,SUB-33F8FA47,0.955,Active
TRF-CE241410,Transformer_24,Step-Up,110kV,20kV,67,2015-09-15,SUB-E4F41F7A,0.958,Active
TRF-329A2F9C,Transformer_25,Step-Down,400kV,110kV,41,2019-05-12,SUB-2362C85A,0.989,Active
TRF-EA2F459C,Transformer_26,Power,400kV,110kV,61,2004-08-21,SUB-B73B3315,0.96,Standby
TRF-44E45EF8,Transformer_27,Power,110kV,20kV,53,2010-09-07,SUB-A5C4D691,0.965,Standby
TRF-24E0CAB0,Transformer_28,Distribution,400kV,110kV,27,2004-12-16,SUB-5651541E,0.95,Active
TRF-47070067,Transformer_29,Step-Up,110kV,20kV,91,2017-12-05,SUB-83DE65C0,0.95,Active
TRF-2C115029,Transformer_30,Step-Up,20kV,10kV,93,2000-03-10,SUB-7C440BA9,0.988,Active
TRF-C07CA514,Transformer_31,Power,110kV,20kV,10,2012-07-01,SUB-7A97AF1F,0.956,Standby
TRF-3B800CB3,Transformer_32,Step-Down,20kV,10kV,1,2020-11-08,SUB-50FF5DDB,0.958,Standby
TRF-823DB06C,Transformer_33,Power,400kV,110kV,62,2017-10-07,SUB-5651541E,0.964,Active
TRF-2ED239EB,Transformer_34,Power,400kV,110kV,74,2016-04-29,SUB-B73B3315,0.982,Standby
TRF-565141A1,Transformer_35,Power,110kV,20kV,21,2003-08-21,SUB-094F8390,0.97,Active
TRF-74D6508D,Transformer_36,Distribution,20kV,10kV,12,2007-04-02,SUB-2A63C9C8,0.971,Active
TRF-79BBF55B,Transformer_37,Distribution,20kV,10kV,91,2014-03-12,SUB-753DF0FA,0.968,Standby
TRF-2FD1C3F1,Transformer_38,Power,20kV,10kV,33,2019-04-29,SUB-E0FDF4F5,0.985,Active
TRF-80ACACC9,Transformer_39,Step-Down,20kV,10kV,48,2004-07-21,SUB-71D70482,0.966,Active
TRF-752E4F78,Transformer_40,Step-Up,110kV,20kV,76,2014-05-24,SUB-AB0AC15E,0.965,Active
TRF-AF05ECA9,Transformer_41,Distribution,110kV,20kV,37,2019-07-20,SUB-DA21F592,0.989,Standby
TRF-8BF03934,Transformer_42,Step-Down,20kV,10kV,35,2004-09-01,SUB-3441C817,0.973,Active
TRF-4326A645,Transformer_43,Step-Down,20kV,10kV,51,2000-02-15,SUB-05059590,0.951,Active
TRF-1C4B8581,Transformer_44,Step-Down,400kV,110kV,87,2005-03-23,SUB-B73B3315,0.956,Active
TRF-AE645FDA,Transformer_45,Step-Up,20kV,10kV,86,2012-03-04,SUB-05059590,0.98,Active
TRF-91CA4481,Transformer_46,Distribution,400kV,110kV,49,2014-02-22,SUB-2362C85A,0.959,Active
TRF-E8F828CA,Transformer_47,Power,20kV,10kV,1,2015-07-20,SUB-45668198,0.973,Standby
TRF-E5710510,Transformer_48,Distribution,400kV,110kV,53,2012-01-31,SUB-2362C85A,0.971,Standby
TRF-F816A9E5,Transformer_49,Distribution,20kV,10kV,42,2008-09-15,SUB-E0FDF4F5,0.957,Active
TRF-A52FE8EA,Transformer_50,Power,20kV,10kV,4,2017-05-25,SUB-4F94E9B4,0.975,Active
TRF-A2239550,Transformer_51,Power,20kV,10kV,44,2000-04-07,SUB-7C440BA9,0.98,Active
TRF-E81B8ED7,Transformer_52,Step-Up,20kV,10kV,100,2024-02-13,SUB-716960EF,0.953,Standby
TRF-49D8A5CA,Transformer_53,Step-Up,400kV,110kV,96,2002-12-29,SUB-39ABA805,0.967,Standby
TRF-9FD90B7C,Transformer_54,Step-Down,20kV,10kV,51,2018-06-28,SUB-4F94E9B4,0.964,Active
TRF-925C6BAE,Transformer_55,Step-Down,110kV,20kV,64,2010-09-14,SUB-E4F41F7A,0.989,Active
TRF-36421D02,Transformer_56,Step-Up,400kV,110kV,19,2019-05-21,SUB-F0A4FA13,0.953,Active
TRF-A8237014,Transformer_57,Step-Up,110kV,20kV,98,2014-03-29,SUB-EE903A64,0.99,Active
TRF-182E6FB9,Transformer_58,Power,400kV,110kV,6,2019-10-01,SUB-BC527554,0.977,Active
TRF-24D9AF51,Transformer_59,Power,20kV,10kV,9,2008-02-29,SUB-71D70482,0.987,Active
TRF-0FE9502C,Transformer_60,Distribution,110kV,20kV,87,2010-06-14,SUB-F8A6B751,0.951,Active
TRF-77900C3E,Transformer_61,Power,20kV,10kV,72,2024-04-11,SUB-C79493BC,0.978,Standby
TRF-FD29423F,Transformer_62,Distribution,20kV,10kV,76,2016-08-03,SUB-9BA43355,0.983,Standby
TRF-DB32B9ED,Transformer_63,Power,20kV,10kV,75,2018-04-01,SUB-DF8BD915,0.962,Active
TRF-30D1A7E9,Transformer_64,Step-Down,110kV,20kV,51,2012-08-13,SUB-7A97AF1F,0.968,Standby
TRF-5A906FA4,Transformer_65,Distribution,400kV,110kV,60,2000-12-20,SUB-7C38593A,0.956,Active
TRF-E90EE2A4,Transformer_66,Power,20kV,10kV,47,2007-07-20,SUB-7C440BA9,0.959,Active
TRF-0F59C5E1,Transformer_67,Power,20kV,10kV,8,2024-11-19,SUB-05059590,0.967,Active
TRF-6D7A48CF,Transformer_68,Step-Up,110kV,20kV,40,2000-10-30,SUB-3CAB5FA0,0.96,Active
TRF-80B3CAB1,Transformer_69,Distribution,110kV,20kV,38,2004-01-12,SUB-93BD374B,0.987,Standby
TRF-518601AC,Transformer_70,Step-Down,20kV,10kV,40,2013-10-13,SUB-DF8BD915,0.957,Active
TRF-1C74F5DD,Transformer_71,Distribution,20kV,10kV,27,2021-11-01,SUB-8DC649C6,0.957,Active
TRF-6FEAA59A,Transformer_72,Step-Down,400kV,110kV,63,2018-07-12,SUB-F0A4FA13,0.982,Standby
TRF-467EB92C,Transformer_73,Distribution,20kV,10kV,24,2010-12-24,SUB-DB0F9F12,0.968,Active
TRF-A240EA7E,Transformer_74,Distribution,20kV,10kV,81,2001-10-08,SUB-05059590,0.989,Active
TRF-83515389,Transformer_75,Power,20kV,10kV,42,2012-12-05,SUB-2A63C9C8,0.961,Active
TRF-07C37FDD,Transformer_76,Power,110kV,20kV,27,2024-02-26,SUB-C729E33A,0.98,Standby
TRF-B001C8CB,Transformer_77,Step-Down,110kV,20kV,19,2013-05-29,SUB-EE903A64,0.964,Active
TRF-EF9222E1,Transformer_78,Step-Up,400kV,110kV,65,2008-11-21,SUB-7C38593A,0.985,Active
TRF-5413DC58,Transformer_79,Step-Up,110kV,20kV,8,2018-03-15,SUB-EE903A64,0.966,Active
TRF-6845A536,Transformer_80,Step-Down,20kV,10kV,31,2003-09-09,SUB-7C440BA9,0.969,Standby
TRF-4A1A3F11,Transformer_81,Power,110kV,20kV,3,2003-11-22,SUB-EE903A64,0.955,Active
TRF-43C9B1EB,Transformer_82,Step-Down,110kV,20kV,56,2006-04-12,SUB-83DE65C0,0.966,Standby
TRF-939DE894,Transformer_83,Step-Down,400kV,110kV,56,2007-10-28,SUB-B73B3315,0.962,Standby
TRF-AC028D74,Transformer_84,Step-Up,20kV,10kV,59,2014-08-18,SUB-2A63C9C8,0.988,Active
TRF-57F1D40C,Transformer_85,Step-Down,400kV,110kV,40,2006-10-11,SUB-2362C85A,0.983,Active
TRF-85EE3D93,Transformer_86,Power,110kV,20kV,97,2008-05-05,SUB-C75EB6D8,0.981,Active
TRF-8EDDB558,Transformer_87,Step-Up,400kV,110kV,38,2004-07-21,SUB-5651541E,0.953,Standby
TRF-495F8566,Transformer_88,Power,400kV,110kV,1,2007-08-06,SUB-C031CE7E,0.985,Active
TRF-A9E458B4,Transformer_89,Distribution,20kV,10kV,1,2018-05-04,SUB-05059590,0.976,Active
TRF-B7B91F72,Transformer_90,Distribution,110kV,20kV,33,2013-10-17,SUB-F8A6B751,0.974,Active
TRF-D685E5B4,Transformer_91,Step-Down,110kV,20kV,53,2000-08-13,SUB-E4F41F7A,0.974,Standby
TRF-7CACCE59,Transformer_92,Step-Up,110kV,20kV,94,2012-06-30,SUB-A5C4D691,0.981,Standby
TRF-9A0DAAB8,Transformer_93,Power,20kV,10kV,90,2012-11-21,SUB-753DF0FA,0.974,Active
TRF-7B4213B3,Transformer_94,Power,110kV,20kV,68,2004-03-24,SUB-E4F41F7A,0.955,Active
TRF-5C645DA1,Transformer_95,Step-Down,20kV,10kV,14,2014-10-13,SUB-DF8BD915,0.98,Active
TRF-64515FFB,Transformer_96,Step-Down,110kV,20kV,4,2004-10-25,SUB-AB0AC15E,0.971,Standby
TRF-CD90E6F0,Transformer_97,Step-Down,110kV,20kV,31,2008-05-19,SUB-3CAB5FA0,0.966,Standby
TRF-A047379E,Transformer_98,Step-Up,20kV,10kV,94,2008-06-27,SUB-2685375B,0.984,Active
TRF-A39A7F10,Transformer_99,Distribution,20kV,10kV,88,2014-07-13,SUB-B69A270A,0.963,Active
TRF-327FA234,Transformer_100,Distribution,20kV,10kV,41,2013-09-19,SUB-05059590,0.96,Active
TRF-B7ACA090,Transformer_101,Distribution,20kV,10kV,78,2024-09-05,SUB-2A63C9C8,0.955,Active
TRF-EA18190E,Transformer_102,Distribution,20kV,10kV,83,2021-04-27,SUB-3441C817,0.985,Active
TRF-DCDEF8FC,Transformer_103,Distribution,110kV,20kV,58,2017-07-26,SUB-E4F41F7A,0.952,Standby
TRF-FFFC8FF8,Transformer_104,Power,20kV,10kV,72,2015-03-18,SUB-4DF7C565,0.953,Active
TRF-E2DC7EC8,Transformer_105,Distribution,20kV,10kV,85,2006-05-28,SUB-B69A270A,0.985,Active
TRF-E9A52B26,Transformer_106,Step-Down,20kV,10kV,73,2009-12-10,SUB-71D70482,0.956,Active
TRF-A9E36248,Transformer_107,Power,20kV,10kV,46,2005-03-27,SUB-4F94E9B4,0.961,Standby
TRF-9941F324,Transformer_108,Step-Up,110kV,20kV,76,2001-12-31,SUB-F8A6B751,0.96,Standby
TRF-C3008570,Transformer_109,Distribution,110kV,20kV,39,2008-09-06,SUB-83DE65C0,0.972,Active
TRF-66C42A25,Transformer_110,Step-Down,110kV,20kV,9,2002-04-06,SUB-93BD374B,0.969,Standby
TRF-79C90EF0,Transformer_111,Step-Up,110kV,20kV,94,2000-10-25,SUB-AB0AC15E,0.98,Active
TRF-6ED38843,Transformer_112,Step-Down,400kV,110kV,97,2004-10-16,SUB-5651541E,0.962,Active
TRF-B9DA8FAE,Transformer_113,Power,20kV,10kV,24,2005-05-11,SUB-C79493BC,0.96,Active
TRF-E371C759,Transformer_114,Step-Down,20kV,10kV,8,2018-03-11,SUB-05059590,0.977,Active
TRF-40849596,Transformer_115,Distribution,400kV,110kV,48,2011-10-15,SUB-2362C85A,0.955,Active
TRF-DE135D58,Transformer_116,Step-Up,110kV,20kV,7,2019-12-31,SUB-F8A6B751,0.974,Active
TRF-974BDD7F,Transformer_117,Step-Down,20kV,10kV,53,2015-12-23,SUB-716960EF,0.964,Active
TRF-9D3755A8,Transformer_118,Distribution,400kV,110kV,50,2011-03-16,SUB-B73B3315,0.954,Standby
TRF-A7925B45,Transformer_119,Step-Down,20kV,10kV,25,2014-06-21,SUB-22B3106C,0.985,Active
TRF-89659936,Transformer_120,Distribution,110kV,20kV,75,2010-11-22,SUB-93BD374B,0.955,Active
TRF-3EEA79C0,Transformer_121,Step-Down,400kV,110kV,46,2006-08-14,SUB-F0474D20,0.989,Standby
TRF-427A29E5,Transformer_122,Distribution,20kV,10kV,62,2004-01-19,SUB-E0FDF4F5,0.963,Active
TRF-DDD036A1,Transformer_123,Step-Down,20kV,10kV,27,2021-10-12,SUB-05059590,0.981,Standby
TRF-AAD0DBF5,Transformer_124,Step-Up,110kV,20kV,2,2018-07-04,SUB-B36B0359,0.97,Active
TRF-7BD72538,Transformer_125,Step-Down,110kV,20kV,61,2009-04-01,SUB-C75EB6D8,0.963,Standby
TRF-67473465,Transformer_126,Power,20kV,10kV,82,2016-12-07,SUB-753DF0FA,0.966,Active
TRF-A1B5D130,Transformer_127,Step-Down,20kV,10kV,10,2017-11-09,SUB-05059590,0.966,Standby
TRF-F010693D,Transformer_128,Step-Down,400kV,110kV,81,2017-12-02,SUB-5651541E,0.989,Active
TRF-9CDF3283,Transformer_129,Step-Up,20kV,10kV,100,2017-04-12,SUB-C79493BC,0.959,Active
TRF-BAE7B76D,Transformer_130,Step-Up,110kV,20kV,64,2018-07-07,SUB-094F8390,0.963,Active
TRF-C5142599,Transformer_131,Step-Up,110kV,20kV,45,2013-04-26,SUB-77EE3F2A,0.968,Active
TRF-1330C430,Transformer_132,Step-Up,20kV,10kV,78,2021-12-24,SUB-45668198,0.98,Active
TRF-D098E98A,Transformer_133,Step-Up,400kV,110kV,100,2013-03-10,SUB-7C38593A,0.968,Active
TRF-D0349D6D,Transformer_134,Distribution,20kV,10kV,42,2015-06-25,SUB-7C440BA9,0.971,Active
TRF-6C9C8571,Transformer_135,Distribution,110kV,20kV,43,2003-12-25,SUB-094F8390,0.98,Active
TRF-EF02224C,Transformer_136,Step-Up,110kV,20kV,66,2002-07-05,SUB-93BD374B,0.981,Active
TRF-8FC01369,Transformer_137,Distribution,20kV,10kV,66,2003-04-30,SUB-E0FDF4F5,0.969,Active
TRF-14E5760F,Transformer_138,Step-Up,110kV,20kV,77,2024-08-09,SUB-C75EB6D8,0.982,Active
TRF-AB696DB6,Transformer_139,Power,20kV,10kV,82,2019-04-19,SUB-C79493BC,0.972,Active
TRF-CC476953,Transformer_140,Step-Up,110kV,20kV,63,2023-04-08,SUB-561304A2,0.963,Standby
TRF-FFBF0966,Transformer_141,Step-Down,110kV,20kV,89,2006-09-24,SUB-EE903A64,0.976,Active
TRF-57FCD670,Transformer_142,Step-Up,110kV,20kV,64,2003-11-08,SUB-561304A2,0.964,Active
TRF-C3EE9EE4,Transformer_143,Power,400kV,110kV,79,2006-08-01,SUB-BC527554,0.953,Active
TRF-87200CF4,Transformer_144,Step-Up,110kV,20kV,87,2011-06-15,SUB-561304A2,0.99,Active
TRF-79B90513,Transformer_145,Step-Down,20kV,10kV,78,2009-11-02,SUB-45668198,0.954,Active
TRF-D016F1EA,Transformer_146,Step-Up,20kV,10kV,51,2021-02-06,SUB-C79493BC,0.96,Standby
TRF-24F095D5,Transformer_147,Distribution,400kV,110kV,45,2005-07-01,SUB-0F2A0504,0.978,Active
TRF-93CBAB9E,Transformer_148,Step-Down,20kV,10kV,26,2012-07-28,SUB-753DF0FA,0.967,Active
TRF-7161D556,Transformer_149,Step-Down,20kV,10kV,93,2012-06-24,SUB-9BA43355,0.959,Active
TRF-8F7BC6DF,Transformer_150,Step-Up,110kV,20kV,8,2014-05-28,SUB-77EE3F2A,0.989,Active
TRF-40312CDB,Transformer_151,Step-Up,400kV,110kV,50,2013-05-17,SUB-39ABA805,0.959,Active
TRF-B417AE52,Transformer_152,Power,110kV,20kV,61,2022-09-28,SUB-7A97AF1F,0.973,Standby
TRF-F38CDC1C,Transformer_153,Distribution,110kV,20kV,100,2018-09-27,SUB-E4F41F7A,0.955,Standby
TRF-62091CF7,Transformer_154,Power,20kV,10kV,23,2018-03-06,SUB-B69A270A,0.986,Standby
TRF-7562AD67,Transformer_155,Step-Up,20kV,10kV,79,2024-11-09,SUB-2685375B,0.952,Active
TRF-03B46EE8,Transformer_156,Step-Down,400kV,110kV,30,2020-07-15,SUB-5651541E,0.989,Standby
TRF-1197061B,Transformer_157,Step-Up,110kV,20kV,55,2003-05-18,SUB-C0591BC3,0.981,Active
TRF-C1CEC497,Transformer_158,Step-Down,20kV,10kV,84,2011-02-21,SUB-71D70482,0.96,Active
TRF-BDD21126,Transformer_159,Step-Down,20kV,10kV,11,2008-02-01,SUB-4F94E9B4,0.965,Active
TRF-6D51B4AB,Transformer_160,Distribution,400kV,110kV,89,2001-07-23,SUB-2362C85A,0.97,Active
TRF-CE5A2DA3,Transformer_161,Step-Up,20kV,10kV,44,2007-06-15,SUB-753DF0FA,0.963,Active
TRF-6886D754,Transformer_162,Step-Down,400kV,110kV,40,2011-09-26,SUB-BC527554,0.969,Active
TRF-AFB0147D,Transformer_163,Step-Down,20kV,10kV,47,2012-12-17,SUB-7C440BA9,0.973,Active
TRF-C27C1428,Transformer_164,Step-Up,20kV,10kV,88,2015-08-05,SUB-05059590,0.966,Active
TRF-88EB83B8,Transformer_165,Power,20kV,10kV,74,2002-03-09,SUB-4F94E9B4,0.963,Standby
TRF-35781BB5,Transformer_166,Distribution,400kV,110kV,71,2014-03-14,SUB-39ABA805,0.989,Active
TRF-2FFF01EB,Transformer_167,Step-Down,110kV,20kV,31,2002-08-08,SUB-F8A6B751,0.96,Active
TRF-B460742F,Transformer_168,Step-Up,110kV,20kV,28,2010-04-17,SUB-DA21F592,0.989,Active
TRF-2A66A221,Transformer_169,Step-Up,400kV,110kV,89,2009-09-16,SUB-7C38593A,0.967,Active
TRF-26C5FC52,Transformer_170,Step-Down,20kV,10kV,81,2002-12-12,SUB-E0FDF4F5,0.988,Active
TRF-2220D927,Transformer_171,Power,110kV,20kV,86,2010-05-31,SUB-C0591BC3,0.969,Active
TRF-C45FE69B,Transformer_172,Distribution,20kV,10kV,22,2018-04-29,SUB-DF8BD915,0.982,Active
TRF-50EAF192,Transformer_173,Step-Down,20kV,10kV,30,2002-11-30,SUB-9BA43355,0.969,Active
TRF-5598A61C,Transformer_174,Step-Up,110kV,20kV,68,2004-03-22,SUB-AB0AC15E,0.953,Active
TRF-593FD9BB,Transformer_175,Power,20kV,10kV,60,2014-07-30,SUB-71D70482,0.96,Active
TRF-1A0694C5,Transformer_176,Step-Down,400kV,110kV,12,2017-01-16,SUB-F0A4FA13,0.957,Active
TRF-D2F7635B,Transformer_177,Step-Up,110kV,20kV,46,2024-06-07,SUB-C0591BC3,0.959,Active
TRF-28B18591,Transformer_178,Step-Down,20kV,10kV,12,2015-09-16,SUB-3441C817,0.956,Active
TRF-69996A1C,Transformer_179,Power,110kV,20kV,36,2012-03-02,SUB-3CAB5FA0,0.957,Active
TRF-D06C5D7E,Transformer_180,Power,20kV,10kV,28,2011-02-18,SUB-DB0F9F12,0.972,Active
TRF-E36A09E8,Transformer_181,Step-Up,110kV,20kV,11,2024-06-01,SUB-B36B0359,0.962,Active
TRF-2A116BE3,Transformer_182,Distribution,20kV,10kV,20,2003-07-31,SUB-2685375B,0.976,Active
TRF-B7C1A947,Transformer_183,Step-Up,110kV,20kV,73,2013-10-13,SUB-B36B0359,0.987,Active
TRF-DA029BBA,Transformer_184,Step-Down,110kV,20kV,44,2024-02-01,SUB-A5C4D691,0.966,Active
TRF-A5276E14,Transformer_185,Step-Up,400kV,110kV,13,2016-07-13,SUB-F0A4FA13,0.971,Active
TRF-AFAA1F0A,Transformer_186,Power,110kV,20kV,19,2021-05-22,SUB-EE903A64,0.975,Active
TRF-889045B4,Transformer_187,Step-Up,20kV,10kV,28,2006-05-05,SUB-2685375B,0.98,Standby
TRF-ACDAAB6E,Transformer_188,Distribution,400kV,110kV,24,2009-01-06,SUB-5651541E,0.971,Standby
TRF-0CC40B48,Transformer_189,Step-Down,20kV,10kV,92,2006-08-06,SUB-7C440BA9,0.99,Active
TRF-FCB31B3E,Transformer_190,Step-Down,110kV,20kV,21,2011-01-16,SUB-7A97AF1F,0.989,Active
TRF-7DABC19F,Transformer_191,Distribution,110kV,20kV,32,2005-03-17,SUB-C0591BC3,0.959,Active
TRF-6049737B,Transformer_192,Power,20kV,10kV,100,2004-06-16,SUB-F98EAA69,0.989,Active
TRF-2D71BE14,Transformer_193,Power,20kV,10kV,25,2014-02-06,SUB-F98EAA69,0.974,Active
TRF-32E77791,Transformer_194,Step-Down,20kV,10kV,79,2020-07-24,SUB-9BA43355,0.987,Active
TRF-6606F7B1,Transformer_195,Distribution,20kV,10kV,80,2004-07-27,SUB-22B3106C,0.956,Active
TRF-F909C69E,Transformer_196,Step-Down,110kV,20kV,48,2018-01-13,SUB-3CAB5FA0,0.968,Active
TRF-F4D7EC4F,Transformer_197,Power,20kV,10kV,8,2011-10-30,SUB-7C440BA9,0.957,Active
TRF-46072055,Transformer_198,Power,110kV,20kV,53,2018-02-10,SUB-C0591BC3,0.988,Standby
TRF-0F32351C,Transformer_199,Distribution,20kV,10kV,30,2006-03-15,SUB-2685375B,0.954,Active
TRF-C700F5DB,Transformer_200,Step-Down,20kV,10kV,47,2011-04-09,SUB-3441C817,0.963,Active
TRF-BC45C28A,Transformer_201,Step-Down,20kV,10kV,76,2002-03-01,SUB-9BA43355,0.954,Active
TRF-2671748C,Transformer_202,Step-Up,400kV,110kV,73,2008-12-18,SUB-BC527554,0.976,Active
TRF-FE3C7803,Transformer_203,Power,110kV,20kV,65,2013-11-09,SUB-B36B0359,0.951,Active
TRF-73DFBE29,Transformer_204,Power,20kV,10kV,69,2022-03-03,SUB-3441C817,0.963,Active
TRF-5E3E0D34,Transformer_205,Power,400kV,110kV,75,2024-02-22,SUB-7C38593A,0.962,Active
TRF-53C9515A,Transformer_206,Power,110kV,20kV,55,2006-08-17,SUB-E4F41F7A,0.952,Active
TRF-0F6D45D1,Transformer_207,Step-Down,110kV,20kV,30,2007-12-28,SUB-C729E33A,0.972,Active
TRF-EE8EB8E2,Transformer_208,Power,110kV,20kV,45,2019-10-30,SUB-93BD374B,0.96,Standby
TRF-EBA734A9,Transformer_209,Power,20kV,10kV,29,2015-11-23,SUB-5F509FF6,0.952,Active
TRF-01867AEB,Transformer_210,Step-Up,110kV,20kV,31,2004-01-22,SUB-E4F41F7A,0.983,Active
TRF-3CE3E202,Transformer_211,Distribution,20kV,10kV,79,2018-05-18,SUB-DF8BD915,0.971,Active
TRF-43AC90B1,Transformer_212,Step-Up,400kV,110kV,11,2014-06-24,SUB-0F2A0504,0.976,Standby
TRF-30E07BC5,Transformer_213,Distribution,110kV,20kV,81,2011-04-01,SUB-C729E33A,0.969,Standby
TRF-A4A327C2,Transformer_214,Step-Up,110kV,20kV,4,2005-03-13,SUB-C75EB6D8,0.95,Active
TRF-7ABA8552,Transformer_215,Step-Down,110kV,20kV,3,2002-12-13,SUB-83DE65C0,0.952,Standby
TRF-371ACB5C,Transformer_216,Power,20kV,10kV,49,2007-06-02,SUB-8DC649C6,0.966,Active
TRF-4AEBD16D,Transformer_217,Power,110kV,20kV,39,2017-12-01,SUB-7A97AF1F,0.962,Active
TRF-7666F8EA,Transformer_218,Power,20kV,10kV,18,2010-12-16,SUB-33F8FA47,0.976,Active
TRF-D3414762,Transformer_219,Step-Up,400kV,110kV,50,2000-10-13,SUB-7C38593A,0.967,Active
TRF-8DB8D141,Transformer_220,Step-Up,110kV,20kV,58,2015-08-28,SUB-DA21F592,0.978,Active
TRF-6135FC2B,Transformer_221,Step-Up,20kV,10kV,99,2008-08-02,SUB-50FF5DDB,0.971,Active
TRF-F571F101,Transformer_222,Step-Down,20kV,10kV,70,2003-05-11,SUB-DB0F9F12,0.957,Active
TRF-87E412AA,Transformer_223,Step-Up,20kV,10kV,32,2013-12-13,SUB-4F94E9B4,0.962,Active
TRF-6168B760,Transformer_224,Distribution,20kV,10kV,12,2009-12-17,SUB-716960EF,0.983,Active
TRF-6FE7458A,Transformer_225,Power,400kV,110kV,80,2011-09-17,SUB-BC527554,0.986,Standby
TRF-14162C4E,Transformer_226,Power,20kV,10kV,11,2023-12-21,SUB-C79493BC,0.959,Standby
TRF-234703FD,Transformer_227,Step-Down,400kV,110kV,17,2015-07-08,SUB-F0474D20,0.963,Active
TRF-AA2EFB1B,Transformer_228,Step-Up,20kV,10kV,95,2008-03-20,SUB-50FF5DDB,0.975,Active
TRF-48212B64,Transformer_229,Step-Down,400kV,110kV,2,2017-03-03,SUB-B73B3315,0.989,Active
TRF-BEDBE432,Transformer_230,Step-Up,400kV,110kV,18,2018-09-07,SUB-BC527554,0.984,Active
TRF-BEC85B81,Transformer_231,Step-Down,400kV,110kV,10,2007-10-25,SUB-C031CE7E,0.983,Active
TRF-5D9EC70C,Transformer_232,Step-Up,20kV,10kV,59,2017-11-20,SUB-5F509FF6,0.959,Active
TRF-CED4F024,Transformer_233,Power,400kV,110kV,78,2008-02-28,SUB-BC527554,0.978,Standby
TRF-B27F9AAA,Transformer_234,Power,110kV,20kV,81,2006-01-26,SUB-F8A6B751,0.971,Standby
TRF-A1072B8D,Transformer_235,Step-Down,20kV,10kV,88,2023-01-04,SUB-B69A270A,0.982,Active
TRF-120EC3FA,Transformer_236,Step-Up,110kV,20kV,100,2018-01-12,SUB-E4F41F7A,0.96,Standby
TRF-60034C8B,Transformer_237,Power,20kV,10kV,70,2012-12-30,SUB-05059590,0.985,Active
TRF-E784BF1E,Transformer_238,Step-Down,400kV,110kV,10,2021-02-16,SUB-F0474D20,0.967,Active
TRF-4BF8AC44,Transformer_239,Power,110kV,20kV,86,2008-01-19,SUB-93BD374B,0.967,Active
TRF-4DCA33D8,Transformer_240,Power,400kV,110kV,63,2024-06-08,SUB-39ABA805,0.968,Active
TRF-AECCCF97,Transformer_241,Power,20kV,10kV,76,2005-12-28,SUB-DF8BD915,0.953,Active
TRF-5E806F57,Transformer_242,Step-Down,400kV,110kV,7,2021-12-08,SUB-2362C85A,0.975,Active
TRF-49D04B33,Transformer_243,Power,110kV,20kV,9,2022-03-21,SUB-C729E33A,0.967,Standby
TRF-5DD93762,Transformer_244,Step-Down,20kV,10kV,31,2002-10-12,SUB-2A63C9C8,0.965,Standby
TRF-027533AD,Transformer_245,Distribution,20kV,10kV,60,2022-05-24,SUB-753DF0FA,0.969,Active
TRF-D3CC8B55,Transformer_246,Step-Up,110kV,20kV,85,2002-08-29,SUB-93BD374B,0.974,Active
TRF-6FBF608F,Transformer_247,Step-Up,400kV,110kV,52,2007-04-01,SUB-2362C85A,0.987,Standby
TRF-E6D65F6E,Transformer_248,Distribution,20kV,10kV,52,2015-05-29,SUB-71D70482,0.965,Active
TRF-3CE537DF,Transformer_249,Power,400kV,110kV,19,2000-05-14,SUB-F0474D20,0.969,Active
TRF-21E50199,Transformer_250,Power,400kV,110kV,13,2014-07-03,SUB-5651541E,0.956,Active
TRF-1AE9B1C0,Transformer_251,Distribution,20kV,10kV,75,2017-09-02,SUB-4F94E9B4,0.959,Active
TRF-7415017A,Transformer_252,Power,20kV,10kV,9,2014-12-19,SUB-8DC649C6,0.986,Active
TRF-0EDB0CC3,Transformer_253,Power,20kV,10kV,33,2013-01-26,SUB-71D70482,0.975,Active
TRF-619FD54A,Transformer_254,Power,20kV,10kV,27,2012-06-04,SUB-DB0F9F12,0.974,Active
TRF-D5EAEAF8,Transformer_255,Step-Down,110kV,20kV,15,2010-01-27,SUB-C0591BC3,0.958,Active
TRF-A855EA53,Transformer_256,Power,110kV,20kV,65,2004-04-12,SUB-C729E33A,0.963,Standby
TRF-66B22010,Transformer_257,Power,110kV,20kV,12,2015-05-10,SUB-3CAB5FA0,0.988,Active
TRF-AE59B8CE,Transformer_258,Step-Up,110kV,20kV,2,2005-05-02,SUB-B36B0359,0.973,Standby
TRF-1A6D2F76,Transformer_259,Power,110kV,20kV,36,2012-01-06,SUB-77EE3F2A,0.96,Active
TRF-3B9B4AF8,Transformer_260,Step-Down,20kV,10kV,38,2008-12-25,SUB-50FF5DDB,0.958,Standby
TRF-45DD0019,Transformer_261,Step-Down,20kV,10kV,68,2010-07-31,SUB-4F94E9B4,0.954,Standby
TRF-0B2FD564,Transformer_262,Distribution,110kV,20kV,34,2007-04-21,SUB-83DE65C0,0.955,Standby
TRF-5387E1F7,Transformer_263,Step-Down,400kV,110kV,33,2012-06-12,SUB-39ABA805,0.973,Active
TRF-BCAFA9D2,Transformer_264,Power,400kV,110kV,85,2001-06-08,SUB-2362C85A,0.978,Standby
TRF-56C57401,Transformer_265,Distribution,110kV,20kV,99,2017-03-15,SUB-F8A6B751,0.973,Active
TRF-ED79E8BE,Transformer_266,Distribution,110kV,20kV,80,2013-01-18,SUB-E4F41F7A,0.955,Active
TRF-E402DD3E,Transformer_267,Distribution,110kV,20kV,81,2010-09-22,SUB-3CAB5FA0,0.959,Active
TRF-BBA38FB4,Transformer_268,Step-Down,400kV,110kV,78,2005-08-27,SUB-BC527554,0.983,Active
TRF-8353F576,Transformer_269,Power,20kV,10kV,99,2023-03-02,SUB-753DF0FA,0.971,Active
TRF-772286D5,Transformer_270,Step-Up,20kV,10kV,99,2009-07-04,SUB-753DF0FA,0.98,Active
TRF-774B4B44,Transformer_271,Distribution,400kV,110kV,32,2020-11-29,SUB-2362C85A,0.987,Active
TRF-46E46E5D,Transformer_272,Distribution,20kV,10kV,51,2006-09-26,SUB-8DC649C6,0.977,Active
TRF-BFD4A5A6,Transformer_273,Power,20kV,10kV,84,2015-09-01,SUB-716960EF,0.964,Active
TRF-95285C9E,Transformer_274,Power,20kV,10kV,61,2014-04-11,SUB-9BA43355,0.979,Active
TRF-60953150,Transformer_275,Distribution,400kV,110kV,89,2022-12-01,SUB-F0474D20,0.953,Standby
TRF-1F3BEE7D,Transformer_276,Distribution,20kV,10kV,16,2001-01-20,SUB-4DF7C565,0.96,Active
TRF-1B54820E,Transformer_277,Power,110kV,20kV,63,2020-11-30,SUB-B36B0359,0.961,Active
TRF-3F4A71D1,Transformer_278,Step-Down,20kV,10kV,52,2004-02-01,SUB-05059590,0.961,Active
TRF-F3A83308,Transformer_279,Power,110kV,20kV,83,2002-09-20,SUB-93BD374B,0.952,Standby
TRF-D76F1C7E,Transformer_280,Step-Up,110kV,20kV,18,2015-07-22,SUB-B36B0359,0.987,Active
TRF-D3967E78,Transformer_281,Power,20kV,10kV,72,2021-02-12,SUB-E0FDF4F5,0.967,Standby
TRF-37B61C75,Transformer_282,Step-Up,20kV,10kV,29,2021-09-26,SUB-8DC649C6,0.973,Standby
TRF-88D28E35,Transformer_283,Distribution,110kV,20kV,66,2018-11-22,SUB-F8A6B751,0.956,Active
TRF-5F8EAFCA,Transformer_284,Step-Down,20kV,10kV,70,2014-02-21,SUB-E0FDF4F5,0.966,Active
TRF-F3F6F533,Transformer_285,Distribution,20kV,10kV,76,2006-08-27,SUB-7C440BA9,0.967,Standby
TRF-A7A964A3,Transformer_286,Distribution,20kV,10kV,88,2011-08-12,SUB-DB0F9F12,0.976,Active
TRF-B5B89814,Transformer_287,Power,400kV,110kV,84,2014-01-14,SUB-0F2A0504,0.983,Active
TRF-CA3508AF,Transformer_288,Step-Up,110kV,20kV,44,2003-06-04,SUB-AB0AC15E,0.98,Standby
TRF-3C7E72AC,Transformer_289,Power,20kV,10kV,27,2013-06-12,SUB-33F8FA47,0.972,Active
TRF-C5592629,Transformer_290,Power,20kV,10kV,2,2002-04-17,SUB-B69A270A,0.977,Active
TRF-83D9DD54,Transformer_291,Distribution,400kV,110kV,8,2010-10-01,SUB-F0A4FA13,0.964,Active
TRF-DA19B68D,Transformer_292,Step-Down,20kV,10kV,59,2002-10-19,SUB-DF8BD915,0.957,Active
TRF-DD6C935E,Transformer_293,Step-Up,20kV,10kV,54,2001-04-23,SUB-3441C817,0.963,Standby
TRF-E370D5BC,Transformer_294,Step-Down,110kV,20kV,21,2021-01-03,SUB-93BD374B,0.978,Active
TRF-EAD6840A,Transformer_295,Step-Down,20kV,10kV,80,2006-11-14,SUB-2685375B,0.958,Standby
TRF-11C0AE49,Transformer_296,Distribution,20kV,10kV,31,2023-01-26,SUB-4F94E9B4,0.967,Active
TRF-65C0BB75,Transformer_297,Step-Down,20kV,10kV,76,2002-07-30,SUB-8DC649C6,0.972,Active
TRF-E7C33537,Transformer_298,Distribution,20kV,10kV,30,2016-01-26,SUB-8DC649C6,0.982,Active
TRF-6D4018C6,Transformer_299,Power,110kV,20kV,99,2022-06-20,SUB-83DE65C0,0.965,Active
TRF-FEFB02A4,Transformer_300,Step-Up,400kV,110kV,89,2002-12-20,SUB-B73B3315,0.952,Active
TRF-4C308B03,Transformer_301,Step-Up,20kV,10kV,21,2001-06-04,SUB-753DF0FA,0.978,Active
TRF-3724A5F6,Transformer_302,Step-Up,20kV,10kV,4,2018-06-09,SUB-DF8BD915,0.95,Active
TRF-4758AF57,Transformer_303,Power,20kV,10kV,66,2006-10-14,SUB-4DF7C565,0.971,Standby
TRF-EBDA3223,Transformer_304,Step-Up,20kV,10kV,48,2002-05-24,SUB-2A63C9C8,0.989,Standby
TRF-79F60FF0,Transformer_305,Step-Down,20kV,10kV,7,2009-06-14,SUB-C79493BC,0.982,Active
TRF-52EA6C7E,Transformer_306,Step-Up,400kV,110kV,76,2000-04-29,SUB-7C38593A,0.977,Active
TRF-80BEBEAE,Transformer_307,Distribution,400kV,110kV,95,2011-08-16,SUB-5651541E,0.989,Active
TRF-C1FCB91C,Transformer_308,Power,110kV,20kV,76,2016-07-27,SUB-A5C4D691,0.967,Standby
TRF-B758B740,Transformer_309,Step-Up,20kV,10kV,23,2021-04-24,SUB-71D70482,0.984,Active
TRF-EBC7171B,Transformer_310,Power,400kV,110kV,41,2001-01-26,SUB-5651541E,0.975,Active
TRF-4BDB6B26,Transformer_311,Step-Down,20kV,10kV,24,2021-10-04,SUB-71D70482,0.985,Active
TRF-319EF4F4,Transformer_312,Step-Up,400kV,110kV,94,2016-11-25,SUB-C031CE7E,0.965,Standby
TRF-49071570,Transformer_313,Step-Up,110kV,20kV,7,2019-12-19,SUB-C75EB6D8,0.975,Standby
TRF-D319344C,Transformer_314,Step-Up,110kV,20kV,51,2022-12-24,SUB-77EE3F2A,0.977,Active
TRF-AE1BF7FB,Transformer_315,Distribution,110kV,20kV,69,2009-10-13,SUB-93BD374B,0.957,Active
TRF-093320BE,Transformer_316,Distribution,20kV,10kV,70,2023-10-03,SUB-E0FDF4F5,0.975,Active
TRF-AEA08F6D,Transformer_317,Distribution,400kV,110kV,53,2011-11-01,SUB-F0474D20,0.958,Active
TRF-01B1DE9E,Transformer_318,Step-Up,400kV,110kV,90,2006-06-22,SUB-F0A4FA13,0.967,Standby
TRF-99287DD4,Transformer_319,Step-Up,20kV,10kV,21,2021-07-02,SUB-7C440BA9,0.964,Active
TRF-4DF4D21D,Transformer_320,Distribution,400kV,110kV,86,2001-03-26,SUB-F0A4FA13,0.971,Active
TRF-4149EA0C,Transformer_321,Distribution,400kV,110kV,18,2001-04-25,SUB-7C38593A,0.968,Active
TRF-719D7A01,Transformer_322,Power,20kV,10kV,37,2002-07-18,SUB-45668198,0.976,Active
TRF-BA9B0A62,Transformer_323,Step-Up,20kV,10kV,54,2004-02-03,SUB-4DF7C565,0.978,Standby
TRF-B0DE7F22,Transformer_324,Distribution,20kV,10kV,1,2003-11-19,SUB-2685375B,0.954,Active
TRF-C6207BAB,Transformer_325,Step-Down,20kV,10kV,79,2008-03-07,SUB-45668198,0.971,Active
TRF-1A21E2A0,Transformer_326,Power,110kV,20kV,82,2024-02-05,SUB-DA21F592,0.97,Standby
TRF-D0D411E6,Transformer_327,Step-Up,400kV,110kV,93,2001-01-20,SUB-F0474D20,0.956,Standby
TRF-14923FEA,Transformer_328,Power,20kV,10kV,13,2014-10-01,SUB-B69A270A,0.973,Active
TRF-D3461B04,Transformer_329,Distribution,110kV,20kV,74,2012-02-04,SUB-C0591BC3,0.961,Standby
TRF-37E3E09A,Transformer_330,Power,20kV,10kV,92,2021-09-08,SUB-05059590,0.983,Active
TRF-4A9756DA,Transformer_331,Distribution,20kV,10kV,49,2011-12-20,SUB-DF8BD915,0.987,Active
TRF-F067993C,Transformer_332,Step-Down,400kV,110kV,57,2018-11-06,SUB-0F2A0504,0.966,Active
TRF-1E4D67A0,Transformer_333,Power,110kV,20kV,92,2016-06-12,SUB-C75EB6D8,0.951,Active
TRF-51A546C1,Transformer_334,Step-Down,20kV,10kV,71,2013-04-18,SUB-22B3106C,0.977,Active
TRF-4CC4CFD2,Transformer_335,Power,110kV,20kV,28,2010-02-16,SUB-93BD374B,0.962,Active
TRF-4A33236D,Transformer_336,Step-Down,400kV,110kV,24,2023-01-24,SUB-7C38593A,0.971,Active
TRF-64144C57,Transformer_337,Distribution,20kV,10kV,75,2011-10-21,SUB-B69A270A,0.956,Standby
TRF-44D6D29A,Transformer_338,Step-Down,20kV,10kV,84,2017-01-02,SUB-4F94E9B4,0.952,Standby
TRF-1365ECCB,Transformer_339,Step-Down,20kV,10kV,56,2008-04-29,SUB-9BA43355,0.971,Active
TRF-26D7D5FF,Transformer_340,Step-Up,20kV,10kV,2,2008-05-08,SUB-4DF7C565,0.969,Active
TRF-4B642FDC,Transformer_341,Power,400kV,110kV,67,2020-11-18,SUB-B73B3315,0.952,Standby
TRF-2DA4FCCC,Transformer_342,Step-Up,20kV,10kV,64,2015-08-27,SUB-2685375B,0.986,Active
TRF-48770BC8,Transformer_343,Step-Down,20kV,10kV,64,2001-11-19,SUB-4F94E9B4,0.966,Standby
TRF-A8239FFC,Transformer_344,Step-Up,400kV,110kV,80,2008-07-12,SUB-F0A4FA13,0.961,Active
TRF-CFBBF746,Transformer_345,Step-Up,110kV,20kV,24,2010-05-28,SUB-77EE3F2A,0.987,Standby
TRF-6F0C2DFF,Transformer_346,Step-Up,110kV,20kV,73,2000-10-14,SUB-83DE65C0,0.981,Active
TRF-2822380F,Transformer_347,Step-Up,400kV,110kV,100,2002-10-08,SUB-F0A4FA13,0.988,Active
TRF-C55F3272,Transformer_348,Power,400kV,110kV,14,2022-03-09,SUB-2362C85A,0.957,Active
TRF-9A983852,Transformer_349,Step-Down,400kV,110kV,38,2007-07-28,SUB-5651541E,0.955,Active
TRF-CBD0117B,Transformer_350,Step-Down,110kV,20kV,87,2016-12-17,SUB-094F8390,0.966,Active
TRF-5D65B53D,Transformer_351,Distribution,110kV,20kV,12,2023-06-26,SUB-094F8390,0.954,Active
TRF-38E0E487,Transformer_352,Step-Up,110kV,20kV,82,2020-09-04,SUB-77EE3F2A,0.969,Active
TRF-7DE516F5,Transformer_353,Step-Up,110kV,20kV,100,2009-10-28,SUB-AB0AC15E,0.989,Active
TRF-1D582747,Transformer_354,Step-Up,110kV,20kV,58,2013-11-24,SUB-A5C4D691,0.972,Standby
TRF-785EE810,Transformer_355,Step-Up,20kV,10kV,2,2011-06-11,SUB-33F8FA47,0.967,Standby
TRF-C7EC78F6,Transformer_356,Step-Up,400kV,110kV,66,2012-08-30,SUB-39ABA805,0.983,Standby
TRF-003228DA,Transformer_357,Step-Up,400kV,110kV,28,2024-12-06,SUB-5651541E,0.978,Active
TRF-2E4AB2B1,Transformer_358,Step-Down,20kV,10kV,35,2004-06-02,SUB-E0FDF4F5,0.964,Standby
TRF-8F804E13,Transformer_359,Distribution,110kV,20kV,57,2005-01-11,SUB-B36B0359,0.984,Active
TRF-53B774E8,Transformer_360,Distribution,20kV,10kV,38,2009-04-26,SUB-4F94E9B4,0.968,Active
TRF-42ED1C32,Transformer_361,Step-Down,20kV,10kV,75,2024-02-29,SUB-DB0F9F12,0.952,Active
TRF-0D995E45,Transformer_362,Distribution,20kV,10kV,98,2020-11-10,SUB-05059590,0.962,Active
TRF-B16748CA,Transformer_363,Step-Down,20kV,10kV,64,2003-07-10,SUB-2685375B,0.99,Standby
TRF-41A4C26C,Transformer_364,Step-Down,110kV,20kV,39,2024-07-02,SUB-7A97AF1F,0.953,Standby
TRF-ED3F5DCA,Transformer_365,Step-Down,20kV,10kV,10,2022-03-25,SUB-E0FDF4F5,0.98,Active
TRF-F956E9F2,Transformer_366,Step-Up,110kV,20kV,64,2012-02-13,SUB-77EE3F2A,0.975,Active
TRF-0A6F06FE,Transformer_367,Step-Up,110kV,20kV,35,2010-06-03,SUB-EE903A64,0.974,Active
TRF-B5213C6A,Transformer_368,Step-Down,400kV,110kV,19,2023-03-15,SUB-B73B3315,0.977,Active
TRF-93925574,Transformer_369,Power,20kV,10kV,55,2005-01-21,SUB-C79493BC,0.979,Active
TRF-61C67BAA,Transformer_370,Step-Down,400kV,110kV,43,2009-12-05,SUB-5651541E,0.959,Active
TRF-D68C1E84,Transformer_371,Distribution,20kV,10kV,45,2019-09-17,SUB-71D70482,0.985,Active
TRF-10D481BC,Transformer_372,Step-Down,110kV,20kV,76,2005-04-05,SUB-AB0AC15E,0.982,Active
TRF-1FC73D08,Transformer_373,Step-Down,20kV,10kV,35,2012-02-05,SUB-753DF0FA,0.981,Active
TRF-D29AC343,Transformer_374,Step-Up,400kV,110kV,68,2010-07-15,SUB-BC527554,0.986,Active
TRF-324D7BCA,Transformer_375,Step-Down,20kV,10kV,98,2012-01-22,SUB-22B3106C,0.962,Standby
TRF-6D07EA9A,Transformer_376,Step-Up,400kV,110kV,89,2004-12-22,SUB-B73B3315,0.985,Standby
TRF-8DC62B01,Transformer_377,Power,400kV,110kV,73,2021-06-14,SUB-0F2A0504,0.977,Active
TRF-BB2849CF,Transformer_378,Step-Down,20kV,10kV,11,2022-01-05,SUB-45668198,0.984,Active
TRF-1AE8F8C9,Transformer_379,Step-Down,400kV,110kV,28,2000-04-19,SUB-B73B3315,0.985,Standby
TRF-10903335,Transformer_380,Step-Up,400kV,110kV,42,2018-04-27,SUB-5651541E,0.988,Standby
TRF-29127733,Transformer_381,Distribution,20kV,10kV,3,2023-02-01,SUB-E0FDF4F5,0.955,Active
TRF-F294C7FF,Transformer_382,Step-Down,400kV,110kV,17,2019-10-13,SUB-0F2A0504,0.955,Active
TRF-2D3092C4,Transformer_383,Step-Up,20kV,10kV,42,2017-09-09,SUB-DB0F9F12,0.987,Active
TRF-2BC3FB5A,Transformer_384,Step-Up,400kV,110kV,50,2002-12-31,SUB-B73B3315,0.985,Active
TRF-E52892A6,Transformer_385,Step-Up,20kV,10kV,39,2004-03-17,SUB-B69A270A,0.987,Active
TRF-975C276C,Transformer_386,Power,110kV,20kV,22,2003-11-06,SUB-B36B0359,0.976,Standby
TRF-CFAEF522,Transformer_387,Step-Down,20kV,10kV,50,2011-03-23,SUB-716960EF,0.966,Active
TRF-F9333865,Transformer_388,Step-Up,110kV,20kV,26,2002-04-08,SUB-EE903A64,0.965,Active
TRF-487B8C63,Transformer_389,Distribution,400kV,110kV,10,2012-01-03,SUB-C031CE7E,0.982,Standby
TRF-58BA3C6C,Transformer_390,Distribution,110kV,20kV,32,2002-03-23,SUB-EE903A64,0.963,Active
TRF-7A6FEB6A,Transformer_391,Step-Up,400kV,110kV,86,2005-03-26,SUB-F0A4FA13,0.962,Active
TRF-0A2470FD,Transformer_392,Step-Up,20kV,10kV,71,2019-10-17,SUB-716960EF,0.952,Active
TRF-24540C21,Transformer_393,Step-Up,20kV,10kV,13,2015-05-12,SUB-7C440BA9,0.987,Active
TRF-0CF96BD1,Transformer_394,Step-Up,20kV,10kV,43,2021-01-30,SUB-7C440BA9,0.973,Active
TRF-60CB0F47,Transformer_395,Distribution,20kV,10kV,25,2006-11-15,SUB-716960EF,0.961,Active
TRF-A96F8738,Transformer_396,Distribution,400kV,110kV,51,2020-02-06,SUB-F0A4FA13,0.969,Standby
TRF-5BB5BD9C,Transformer_397,Distribution,400kV,110kV,58,2004-10-29,SUB-F0474D20,0.979,Active
TRF-CEEDED0C,Transformer_398,Distribution,110kV,20kV,7,2013-10-29,SUB-561304A2,0.988,Active
TRF-65BB3188,Transformer_399,Distribution,110kV,20kV,64,2019-03-29,SUB-A5C4D691,0.973,Active
TRF-3153E252,Transformer_400,Power,400kV,110kV,24,2016-10-29,SUB-C031CE7E,0.989,Active
TRF-A302E582,Transformer_401,Step-Up,20kV,10kV,88,2005-01-13,SUB-753DF0FA,0.957,Active
TRF-0EDB3EDE,Transformer_402,Distribution,20kV,10kV,78,2003-05-01,SUB-2685375B,0.979,Active
TRF-0671F876,Transformer_403,Step-Down,400kV,110kV,76,2010-03-19,SUB-C031CE7E,0.977,Active
TRF-D63FE7A6,Transformer_404,Power,20kV,10kV,96,2016-02-28,SUB-33F8FA47,0.971,Active
TRF-B5AF16ED,Transformer_405,Distribution,20kV,10kV,20,2001-01-22,SUB-E0FDF4F5,0.976,Active
TRF-FFD5BB11,Transformer_406,Step-Down,110kV,20kV,30,2005-07-08,SUB-DA21F592,0.971,Active
TRF-C0F0C371,Transformer_407,Power,20kV,10kV,81,2022-02-11,SUB-B69A270A,0.989,Active
TRF-83239AAD,Transformer_408,Step-Up,20kV,10kV,60,2024-07-11,SUB-05059590,0.986,Active
TRF-4CA4AB1D,Transformer_409,Power,110kV,20kV,13,2022-11-23,SUB-E4F41F7A,0.958,Standby
TRF-6EAFEF2C,Transformer_410,Step-Down,110kV,20kV,43,2018-05-14,SUB-DA21F592,0.989,Active
TRF-D87B8125,Transformer_411,Distribution,20kV,10kV,17,2001-08-08,SUB-7C440BA9,0.96,Standby
TRF-EA45247E,Transformer_412,Power,110kV,20kV,52,2006-12-28,SUB-C729E33A,0.985,Active
TRF-E8880513,Transformer_413,Power,110kV,20kV,76,2006-03-23,SUB-C729E33A,0.977,Active
TRF-C45B2847,Transformer_414,Step-Up,110kV,20kV,55,2007-12-27,SUB-C729E33A,0.952,Active
TRF-89E577D6,Transformer_415,Power,20kV,10kV,11,2020-01-25,SUB-71D70482,0.987,Standby
TRF-5352DF13,Transformer_416,Step-Down,20kV,10kV,15,2016-06-30,SUB-C79493BC,0.988,Active
TRF-8F74F7DF,Transformer_417,Step-Up,400kV,110kV,71,2018-03-15,SUB-2362C85A,0.961,Active
TRF-C6945D2E,Transformer_418,Step-Down,110kV,20kV,81,2001-01-20,SUB-F8A6B751,0.967,Standby
TRF-3F174D5F,Transformer_419,Power,20kV,10kV,30,2008-02-20,SUB-7C440BA9,0.971,Active
TRF-9BCE1A03,Transformer_420,Step-Up,400kV,110kV,92,2024-02-06,SUB-7C38593A,0.979,Active
TRF-6BC9B517,Transformer_421,Power,110kV,20kV,62,2001-04-26,SUB-C729E33A,0.952,Standby
TRF-6E957E3B,Transformer_422,Power,110kV,20kV,44,2012-02-10,SUB-A5C4D691,0.983,Active
TRF-A26D163E,Transformer_423,Distribution,110kV,20kV,37,2005-12-25,SUB-094F8390,0.98,Active
TRF-B22A5D08,Transformer_424,Step-Up,110kV,20kV,6,2009-01-11,SUB-93BD374B,0.984,Active
TRF-D9BCFC2E,Transformer_425,Power,110kV,20kV,82,2021-07-20,SUB-3CAB5FA0,0.98,Active
TRF-06694790,Transformer_426,Power,20kV,10kV,78,2009-11-10,SUB-C79493BC,0.99,Standby
TRF-AC8FADFC,Transformer_427,Step-Down,20kV,10kV,51,2017-06-15,SUB-7C440BA9,0.975,Active
TRF-E7B5D2B2,Transformer_428,Step-Up,20kV,10kV,6,2000-12-17,SUB-4F94E9B4,0.97,Standby
TRF-2FB03AAF,Transformer_429,Step-Up,110kV,20kV,30,2012-09-11,SUB-C729E33A,0.986,Active
TRF-77070C0F,Transformer_430,Step-Up,110kV,20kV,66,2005-12-16,SUB-C729E33A,0.974,Active
TRF-018D0C8D,Transformer_431,Power,20kV,10kV,48,2006-11-10,SUB-753DF0FA,0.961,Active
TRF-2C8284C9,Transformer_432,Step-Down,20kV,10kV,27,2013-10-19,SUB-5F509FF6,0.978,Standby
TRF-BFB492B5,Transformer_433,Step-Down,20kV,10kV,14,2002-05-30,SUB-22B3106C,0.95,Active
TRF-56983722,Transformer_434,Step-Up,20kV,10kV,70,2003-01-01,SUB-2685375B,0.989,Standby
TRF-6486FC34,Transformer_435,Step-Up,400kV,110kV,61,2021-05-28,SUB-B73B3315,0.964,Standby
TRF-08ABDB77,Transformer_436,Step-Up,20kV,10kV,60,2006-02-26,SUB-71D70482,0.961,Standby
TRF-55A0A65B,Transformer_437,Distribution,110kV,20kV,11,2015-10-22,SUB-C0591BC3,0.989,Standby
TRF-2B241732,Transformer_438,Step-Up,20kV,10kV,89,2015-04-16,SUB-DB0F9F12,0.981,Active
TRF-47AA6478,Transformer_439,Step-Down,20kV,10kV,35,2000-11-12,SUB-2685375B,0.98,Active
TRF-D35ECAB2,Transformer_440,Step-Up,20kV,10kV,16,2011-12-04,SUB-DB0F9F12,0.98,Active
TRF-A2F6DAD8,Transformer_441,Power,110kV,20kV,93,2005-07-01,SUB-C0591BC3,0.976,Active
TRF-D361CC44,Transformer_442,Distribution,20kV,10kV,70,2013-07-23,SUB-DF8BD915,0.981,Active
TRF-FC1E0D0D,Transformer_443,Step-Up,20kV,10kV,2,2001-02-20,SUB-5F509FF6,0.958,Active
TRF-7E800AC8,Transformer_444,Power,20kV,10kV,38,2012-07-06,SUB-753DF0FA,0.958,Standby
TRF-F9A3E872,Transformer_445,Step-Down,110kV,20kV,64,2021-08-31,SUB-094F8390,0.97,Active
TRF-B4F8519F,Transformer_446,Step-Up,20kV,10kV,93,2020-11-03,SUB-7C440BA9,0.962,Active
TRF-B28C38AF,Transformer_447,Step-Up,110kV,20kV,69,2017-05-05,SUB-7A97AF1F,0.986,Standby
TRF-8407DC19,Transformer_448,Step-Up,400kV,110kV,97,2004-12-30,SUB-F0474D20,0.98,Standby
TRF-C20BD27E,Transformer_449,Step-Up,400kV,110kV,67,2008-04-26,SUB-B73B3315,0.97,Active
TRF-EC3407A7,Transformer_450,Distribution,110kV,20kV,36,2023-08-22,SUB-3CAB5FA0,0.965,Active
TRF-BB2B85B9,Transformer_451,Step-Up,20kV,10kV,17,2004-12-05,SUB-2685375B,0.972,Active
TRF-9B4DAF2F,Transformer_452,Power,20kV,10kV,20,2007-01-20,SUB-DB0F9F12,0.966,Standby
TRF-D07746F5,Transformer_453,Step-Up,110kV,20kV,41,2008-01-05,SUB-561304A2,0.966,Standby
TRF-B55B7694,Transformer_454,Step-Up,20kV,10kV,33,2020-04-28,SUB-45668198,0.96,Active
TRF-E5ED7591,Transformer_455,Step-Up,20kV,10kV,10,2020-12-21,SUB-3441C817,0.958,Active
TRF-B3FE027F,Transformer_456,Power,400kV,110kV,28,2009-06-04,SUB-C031CE7E,0.952,Active
TRF-A86A34EA,Transformer_457,Step-Up,400kV,110kV,93,2011-12-06,SUB-39ABA805,0.983,Active
TRF-3069DA58,Transformer_458,Step-Up,400kV,110kV,57,2014-04-28,SUB-F0474D20,0.985,Active
TRF-6B414B12,Transformer_459,Step-Down,400kV,110kV,92,2010-09-21,SUB-F0474D20,0.977,Standby
TRF-261E4FE7,Transformer_460,Step-Up,20kV,10kV,77,2015-08-18,SUB-5F509FF6,0.989,Standby
TRF-45A42FBD,Transformer_461,Step-Up,110kV,20kV,84,2013-05-15,SUB-C0591BC3,0.982,Active
TRF-A55B1271,Transformer_462,Step-Up,20kV,10kV,27,2000-07-24,SUB-716960EF,0.982,Active
TRF-775DC4DD,Transformer_463,Step-Down,110kV,20kV,37,2023-02-28,SUB-83DE65C0,0.982,Active
TRF-CDB6E945,Transformer_464,Power,20kV,10kV,25,2021-01-04,SUB-05059590,0.961,Active
TRF-71A27110,Transformer_465,Step-Up,20kV,10kV,10,2019-11-28,SUB-716960EF,0.988,Standby
TRF-A7313725,Transformer_466,Distribution,110kV,20kV,55,2008-11-22,SUB-A5C4D691,0.986,Active
TRF-3FAC77FD,Transformer_467,Power,20kV,10kV,67,2024-10-15,SUB-E0FDF4F5,0.964,Active
TRF-B64D34A7,Transformer_468,Power,110kV,20kV,52,2004-03-26,SUB-F8A6B751,0.98,Active
TRF-C2D14B3B,Transformer_469,Power,110kV,20kV,23,2023-07-02,SUB-7A97AF1F,0.955,Active
TRF-386BCDD2,Transformer_470,Step-Down,20kV,10kV,55,2002-01-10,SUB-B69A270A,0.975,Active
TRF-077262F8,Transformer_471,Step-Down,110kV,20kV,60,2005-01-09,SUB-83DE65C0,0.971,Active
TRF-304860EA,Transformer_472,Power,400kV,110kV,89,2014-05-11,SUB-BC527554,0.952,Active
TRF-76404C11,Transformer_473,Step-Down,20kV,10kV,92,2004-04-02,SUB-DB0F9F12,0.97,Active
TRF-A1EB7EE2,Transformer_474,Power,400kV,110kV,14,2001-11-13,SUB-F0A4FA13,0.985,Active
TRF-3EC49850,Transformer_475,Step-Up,110kV,20kV,88,2022-05-10,SUB-E4F41F7A,0.955,Active
TRF-9D232F90,Transformer_476,Step-Up,110kV,20kV,43,2006-09-14,SUB-561304A2,0.956,Active
TRF-B85828CD,Transformer_477,Power,110kV,20kV,8,2024-03-22,SUB-C729E33A,0.99,Active
TRF-ED6D7A12,Transformer_478,Step-Down,20kV,10kV,40,2014-01-19,SUB-DB0F9F12,0.987,Active
TRF-D407585E,Transformer_479,Power,110kV,20kV,91,2015-03-03,SUB-DA21F592,0.965,Active
TRF-0085E606,Transformer_480,Power,20kV,10kV,19,2016-02-12,SUB-C79493BC,0.964,Active
TRF-1F42D6D6,Transformer_481,Step-Up,20kV,10kV,15,2008-08-17,SUB-5F509FF6,0.964,Standby
TRF-EF511071,Transformer_482,Step-Up,110kV,20kV,10,2017-12-10,SUB-83DE65C0,0.952,Active
TRF-4DB0B157,Transformer_483,Step-Down,400kV,110kV,65,2016-01-19,SUB-7C38593A,0.989,Standby
TRF-4313F9C6,Transformer_484,Distribution,400kV,110kV,5,2018-07-01,SUB-F0A4FA13,0.978,Active
TRF-6A488281,Transformer_485,Distribution,400kV,110kV,95,2012-08-07,SUB-7C38593A,0.984,Active
TRF-56EEA5FD,Transformer_486,Distribution,20kV,10kV,70,2019-08-25,SUB-33F8FA47,0.973,Active
TRF-1AF1E278,Transformer_487,Step-Down,400kV,110kV,16,2012-07-28,SUB-F0474D20,0.975,Active
TRF-741A0C2E,Transformer_488,Step-Down,20kV,10kV,70,2008-05-18,SUB-5F509FF6,0.953,Active
TRF-F97005B2,Transformer_489,Step-Up,20kV,10kV,39,2003-10-08,SUB-716960EF,0.97,Active
TRF-C66F530D,Transformer_490,Distribution,110kV,20kV,80,2005-11-27,SUB-C729E33A,0.975,Active
TRF-44703B4B,Transformer_491,Power,400kV,110kV,80,2015-08-28,SUB-7C38593A,0.971,Active
TRF-4420D8C6,Transformer_492,Step-Down,20kV,10kV,49,2012-12-01,SUB-71D70482,0.982,Active
TRF-48C7CBD5,Transformer_493,Step-Down,110kV,20kV,82,2016-08-16,SUB-EE903A64,0.977,Active
TRF-7DDBAB0F,Transformer_494,Distribution,400kV,110kV,25,2006-01-14,SUB-F0474D20,0.958,Active
TRF-C449D2E3,Transformer_495,Step-Up,110kV,20kV,18,2008-12-06,SUB-EE903A64,0.964,Active
TRF-69D82438,Transformer_496,Power,110kV,20kV,89,2005-03-18,SUB-77EE3F2A,0.983,Active
TRF-7764BB89,Transformer_497,Step-Down,400kV,110kV,6,2003-12-22,SUB-39ABA805,0.978,Active
TRF-C69C0900,Transformer_498,Distribution,110kV,20kV,2,2004-01-17,SUB-77EE3F2A,0.972,Active
TRF-943635DA,Transformer_499,Distribution,20kV,10kV,39,2010-11-05,SUB-7C440BA9,0.975,Active
TRF-3FFC832B,Transformer_500,Step-Down,20kV,10kV,32,2001-03-05,SUB-B69A270A,0.967,Standby
TRF-F51E8317,Transformer_501,Power,400kV,110kV,34,2002-10-07,SUB-0F2A0504,0.98,Active
TRF-76CC36F0,Transformer_502,Distribution,20kV,10kV,52,2017-12-04,SUB-45668198,0.982,Active
TRF-D2F0FCD6,Transformer_503,Step-Down,110kV,20kV,74,2017-05-14,SUB-C75EB6D8,0.95,Standby
TRF-4F74CDB1,Transformer_504,Power,20kV,10kV,60,2018-03-02,SUB-4F94E9B4,0.982,Active
TRF-BD9E6AD7,Transformer_505,Step-Down,400kV,110kV,16,2008-05-20,SUB-2362C85A,0.971,Active
TRF-6A197A1E,Transformer_506,Power,20kV,10kV,2,2023-09-03,SUB-DF8BD915,0.952,Active
TRF-60BE72A3,Transformer_507,Power,400kV,110kV,1,2004-09-22,SUB-39ABA805,0.977,Active
TRF-6E358CEE,Transformer_508,Step-Up,20kV,10kV,1,2003-09-08,SUB-3441C817,0.973,Active
TRF-60029226,Transformer_509,Step-Up,110kV,20kV,1,2020-09-20,SUB-F8A6B751,0.969,Active
TRF-21D28AC0,Transformer_510,Step-Down,110kV,20kV,82,2008-03-06,SUB-C0591BC3,0.974,Standby
TRF-4F31ABC7,Transformer_511,Distribution,400kV,110kV,57,2020-09-03,SUB-5651541E,0.982,Active
TRF-3C0C5B13,Transformer_512,Step-Down,400kV,110kV,87,2023-07-01,SUB-5651541E,0.972,Standby
TRF-97CD4529,Transformer_513,Step-Up,110kV,20kV,55,2014-10-22,SUB-77EE3F2A,0.988,Active
TRF-EBE9193C,Transformer_514,Power,20kV,10kV,73,2001-05-10,SUB-3441C817,0.986,Active
TRF-08413469,Transformer_515,Step-Up,400kV,110kV,67,2011-01-15,SUB-2362C85A,0.959,Active
TRF-E26E95F5,Transformer_516,Step-Down,20kV,10kV,47,2021-12-11,SUB-8DC649C6,0.952,Active
TRF-44207EA1,Transformer_517,Power,110kV,20kV,56,2019-09-19,SUB-3CAB5FA0,0.968,Standby
TRF-633BF690,Transformer_518,Step-Down,20kV,10kV,63,2003-08-28,SUB-05059590,0.969,Active
TRF-15A1CBB3,Transformer_519,Power,20kV,10kV,62,2012-10-11,SUB-5F509FF6,0.988,Standby
TRF-ECD6590C,Transformer_520,Step-Up,110kV,20kV,55,2006-08-29,SUB-A5C4D691,0.978,Active
TRF-BFB5F227,Transformer_521,Distribution,400kV,110kV,53,2015-10-24,SUB-2362C85A,0.964,Standby
TRF-40504914,Transformer_522,Distribution,20kV,10kV,9,2012-10-12,SUB-45668198,0.985,Active
TRF-1748378B,Transformer_523,Step-Up,400kV,110kV,35,2021-05-20,SUB-C031CE7E,0.975,Active
TRF-D12730BA,Transformer_524,Step-Up,20kV,10kV,80,2012-03-07,SUB-8DC649C6,0.975,Active
TRF-F842400F,Transformer_525,Power,20kV,10kV,16,2000-09-11,SUB-DB0F9F12,0.961,Standby
TRF-D03D4E3B,Transformer_526,Distribution,20kV,10kV,16,2017-06-01,SUB-05059590,0.97,Active
TRF-9F50C56E,Transformer_527,Distribution,110kV,20kV,5,2021-06-13,SUB-AB0AC15E,0.96,Active
TRF-746DC102,Transformer_528,Step-Up,20kV,10kV,12,2023-12-18,SUB-4DF7C565,0.97,Active
TRF-2B0B7D5C,Transformer_529,Step-Up,110kV,20kV,21,2005-12-13,SUB-B36B0359,0.97,Active
TRF-15D51421,Transformer_530,Power,20kV,10kV,58,2014-11-12,SUB-05059590,0.964,Standby
TRF-17BD6236,Transformer_531,Power,400kV,110kV,74,2009-11-04,SUB-F0474D20,0.984,Active
TRF-4A769576,Transformer_532,Distribution,20kV,10kV,65,2018-10-05,SUB-2A63C9C8,0.965,Active
TRF-C3B91D6E,Transformer_533,Power,400kV,110kV,6,2018-02-10,SUB-C031CE7E,0.981,Active
TRF-A5DCB551,Transformer_534,Distribution,110kV,20kV,19,2021-11-30,SUB-7A97AF1F,0.959,Active
TRF-3675590E,Transformer_535,Step-Up,400kV,110kV,99,2008-09-16,SUB-F0A4FA13,0.986,Active
TRF-4A7FB2F6,Transformer_536,Step-Down,20kV,10kV,45,2011-04-22,SUB-B69A270A,0.973,Active
TRF-59AD4C80,Transformer_537,Step-Down,400kV,110kV,29,2007-09-27,SUB-F0474D20,0.989,Active
TRF-1358C72D,Transformer_538,Step-Down,400kV,110kV,40,2022-04-11,SUB-C031CE7E,0.954,Active
TRF-D9F376F1,Transformer_539,Distribution,110kV,20kV,96,2017-06-03,SUB-7A97AF1F,0.983,Standby
TRF-074F8148,Transformer_540,Power,20kV,10kV,57,2018-08-10,SUB-7C440BA9,0.962,Active
TRF-FF6AF00B,Transformer_541,Step-Down,110kV,20kV,17,2003-01-12,SUB-3CAB5FA0,0.957,Standby
TRF-ABA537D1,Transformer_542,Step-Down,20kV,10kV,9,2013-05-31,SUB-8DC649C6,0.974,Active
TRF-5D3B016D,Transformer_543,Step-Down,20kV,10kV,21,2002-07-11,SUB-45668198,0.979,Active
TRF-6AE1A667,Transformer_544,Power,20kV,10kV,80,2007-02-20,SUB-3441C817,0.99,Active
TRF-9456C4AF,Transformer_545,Distribution,20kV,10kV,36,2021-03-23,SUB-3441C817,0.967,Active
TRF-29B8B74F,Transformer_546,Step-Down,20kV,10kV,99,2002-02-03,SUB-5F509FF6,0.969,Active
TRF-21BBE98F,Transformer_547,Step-Up,20kV,10kV,23,2008-11-22,SUB-5F509FF6,0.98,Standby
TRF-A2C378C8,Transformer_548,Power,20kV,10kV,34,2018-08-22,SUB-45668198,0.982,Active
TRF-49C98AC1,Transformer_549,Step-Up,20kV,10kV,52,2017-07-11,SUB-E0FDF4F5,0.983,Active
TRF-97D00D87,Transformer_550,Power,20kV,10kV,86,2021-04-01,SUB-5F509FF6,0.985,Active
TRF-267B1BFD,Transformer_551,Step-Down,20kV,10kV,18,2017-12-13,SUB-22B3106C,0.961,Active
TRF-E89321FE,Transformer_552,Power,20kV,10kV,89,2020-10-06,SUB-2A63C9C8,0.957,Active
TRF-DB90B59F,Transformer_553,Distribution,20kV,10kV,98,2002-11-14,SUB-4DF7C565,0.972,Active
TRF-9920E857,Transformer_554,Distribution,20kV,10kV,42,2011-10-15,SUB-50FF5DDB,0.961,Active
TRF-61EE2250,Transformer_555,Power,20kV,10kV,46,2019-09-12,SUB-45668198,0.982,Active
TRF-E34FF51F,Transformer_556,Distribution,110kV,20kV,74,2000-08-13,SUB-561304A2,0.971,Active
TRF-54840AD9,Transformer_557,Power,110kV,20kV,41,2018-03-29,SUB-77EE3F2A,0.959,Active
TRF-89E3ADC4,Transformer_558,Power,110kV,20kV,17,2003-11-05,SUB-83DE65C0,0.966,Active
TRF-7B4E7F3C,Transformer_559,Step-Down,110kV,20kV,67,2013-02-20,SUB-C0591BC3,0.958,Standby
TRF-04136431,Transformer_560,Distribution,110kV,20kV,50,2019-12-29,SUB-83DE65C0,0.963,Active
TRF-DF673EA2,Transformer_561,Step-Down,20kV,10kV,24,2010-09-14,SUB-45668198,0.962,Active
TRF-A8B2C2B0,Transformer_562,Distribution,110kV,20kV,82,2019-03-13,SUB-C75EB6D8,0.978,Active
TRF-44AD8D9F,Transformer_563,Power,20kV,10kV,95,2022-11-06,SUB-C79493BC,0.964,Active
TRF-C7129AD0,Transformer_564,Power,20kV,10kV,48,2010-06-25,SUB-C79493BC,0.978,Standby
TRF-476AB673,Transformer_565,Step-Up,110kV,20kV,31,2019-07-25,SUB-DA21F592,0.978,Active
TRF-3D94CC13,Transformer_566,Power,20kV,10kV,29,2016-03-23,SUB-3441C817,0.959,Standby
TRF-863D6434,Transformer_567,Power,20kV,10kV,33,2004-10-19,SUB-50FF5DDB,0.984,Standby
TRF-B2586600,Transformer_568,Distribution,110kV,20kV,2,2022-01-03,SUB-C729E33A,0.956,Standby
TRF-24E3A39D,Transformer_569,Step-Up,110kV,20kV,99,2007-01-12,SUB-83DE65C0,0.967,Active
TRF-44251C39,Transformer_570,Distribution,20kV,10kV,3,2021-10-02,SUB-8DC649C6,0.954,Active
TRF-14F16957,Transformer_571,Step-Down,110kV,20kV,90,2001-03-21,SUB-A5C4D691,0.955,Active
TRF-8CEE733F,Transformer_572,Power,400kV,110kV,89,2015-10-22,SUB-F0474D20,0.956,Active
TRF-5A0ABF52,Transformer_573,Step-Down,20kV,10kV,18,2003-11-25,SUB-5F509FF6,0.961,Active
TRF-AC787DA5,Transformer_574,Step-Down,400kV,110kV,14,2006-04-17,SUB-5651541E,0.978,Active
TRF-2E4EB046,Transformer_575,Step-Up,400kV,110kV,46,2007-12-19,SUB-0F2A0504,0.979,Active
TRF-4C231113,Transformer_576,Distribution,20kV,10kV,11,2024-09-10,SUB-71D70482,0.958,Active
TRF-DD4E0454,Transformer_577,Power,20kV,10kV,37,2020-10-29,SUB-2685375B,0.976,Standby
TRF-26116DBA,Transformer_578,Power,20kV,10kV,30,2008-08-11,SUB-F98EAA69,0.974,Active
TRF-DE800690,Transformer_579,Power,110kV,20kV,23,2015-08-15,SUB-7A97AF1F,0.963,Active
TRF-8B950D71,Transformer_580,Distribution,400kV,110kV,38,2017-03-04,SUB-BC527554,0.95,Standby
TRF-6B3504A7,Transformer_581,Distribution,20kV,10kV,60,2022-04-27,SUB-2685375B,0.977,Active
TRF-68DAE0EC,Transformer_582,Step-Up,20kV,10kV,12,2004-10-17,SUB-C79493BC,0.957,Standby
TRF-D6E6A297,Transformer_583,Step-Up,110kV,20kV,7,2020-06-16,SUB-DA21F592,0.988,Active
TRF-A92173D8,Transformer_584,Distribution,110kV,20kV,19,2011-01-04,SUB-DA21F592,0.979,Standby
TRF-FC566C78,Transformer_585,Step-Down,20kV,10kV,32,2023-04-17,SUB-22B3106C,0.966,Active
TRF-5B438B81,Transformer_586,Step-Down,20kV,10kV,19,2011-08-21,SUB-7C440BA9,0.974,Active
TRF-32186056,Transformer_587,Power,400kV,110kV,45,2018-06-20,SUB-2362C85A,0.983,Standby
TRF-436BA97A,Transformer_588,Power,20kV,10kV,76,2022-04-22,SUB-33F8FA47,0.971,Active
TRF-1E8D916B,Transformer_589,Step-Up,20kV,10kV,91,2020-05-27,SUB-2A63C9C8,0.972,Active
TRF-9415A4F7,Transformer_590,Distribution,20kV,10kV,62,2003-02-22,SUB-B69A270A,0.98,Active
TRF-69F82533,Transformer_591,Distribution,110kV,20kV,45,2014-11-15,SUB-561304A2,0.976,Standby
TRF-A4C28329,Transformer_592,Step-Down,110kV,20kV,82,2020-06-15,SUB-094F8390,0.956,Active
TRF-B68ED922,Transformer_593,Step-Up,20kV,10kV,97,2005-01-06,SUB-DF8BD915,0.977,Active
TRF-D990E842,Transformer_594,Distribution,20kV,10kV,46,2006-09-07,SUB-4DF7C565,0.954,Active
TRF-061D245B,Transformer_595,Distribution,110kV,20kV,20,2010-03-11,SUB-E4F41F7A,0.978,Active
TRF-E6DFD6C6,Transformer_596,Power,110kV,20kV,34,2012-10-09,SUB-C75EB6D8,0.964,Active
TRF-064CB815,Transformer_597,Distribution,400kV,110kV,26,2002-09-20,SUB-BC527554,0.976,Active
TRF-0A84101B,Transformer_598,Step-Down,20kV,10kV,83,2006-12-13,SUB-3441C817,0.959,Active
TRF-03141A85,Transformer_599,Step-Up,400kV,110kV,91,2018-07-15,SUB-39ABA805,0.979,Active
TRF-C1D2E717,Transformer_600,Power,110kV,20kV,22,2021-11-16,SUB-094F8390,0.964,Standby
TRF-284B83EB,Transformer_601,Step-Up,400kV,110kV,62,2017-01-19,SUB-F0474D20,0.957,Active
TRF-F27657EC,Transformer_602,Power,20kV,10kV,52,2016-03-03,SUB-4F94E9B4,0.956,Standby
TRF-DDA531DC,Transformer_603,Distribution,400kV,110kV,84,2009-10-15,SUB-39ABA805,0.958,Standby
TRF-68994394,Transformer_604,Step-Down,400kV,110kV,52,2014-04-05,SUB-F0474D20,0.963,Active
TRF-5E15F19D,Transformer_605,Step-Up,20kV,10kV,92,2006-10-31,SUB-DB0F9F12,0.988,Standby
TRF-87EA5263,Transformer_606,Step-Down,110kV,20kV,39,2002-01-08,SUB-93BD374B,0.98,Active
TRF-7C334C86,Transformer_607,Step-Up,20kV,10kV,16,2006-03-11,SUB-2A63C9C8,0.966,Active
TRF-E21ACF6A,Transformer_608,Distribution,20kV,10kV,63,2020-08-08,SUB-753DF0FA,0.983,Active
TRF-3DD704FC,Transformer_609,Distribution,20kV,10kV,12,2002-08-15,SUB-753DF0FA,0.965,Active
TRF-C771C6A7,Transformer_610,Distribution,400kV,110kV,44,2003-05-07,SUB-F0474D20,0.951,Active
TRF-8C73628B,Transformer_611,Step-Down,400kV,110kV,67,2001-05-20,SUB-0F2A0504,0.962,Standby
TRF-D34FFB59,Transformer_612,Step-Up,400kV,110kV,95,2021-08-28,SUB-BC527554,0.968,Active
TRF-E7455D6E,Transformer_613,Distribution,400kV,110kV,74,2023-01-11,SUB-F0474D20,0.984,Active
TRF-AF225B11,Transformer_614,Distribution,20kV,10kV,87,2011-03-30,SUB-5F509FF6,0.963,Active
TRF-52320CCA,Transformer_615,Step-Up,20kV,10kV,99,2012-12-30,SUB-753DF0FA,0.973,Active
TRF-09CC8D07,Transformer_616,Power,110kV,20kV,14,2006-08-30,SUB-C729E33A,0.982,Active
TRF-A08FD378,Transformer_617,Power,110kV,20kV,24,2003-11-24,SUB-B36B0359,0.985,Standby
TRF-75484DDF,Transformer_618,Step-Down,20kV,10kV,47,2024-04-15,SUB-2685375B,0.961,Active
TRF-A09858AB,Transformer_619,Distribution,20kV,10kV,2,2003-12-25,SUB-2685375B,0.983,Active
TRF-23C7F9E5,Transformer_620,Step-Down,20kV,10kV,48,2021-10-15,SUB-71D70482,0.99,Standby
TRF-AEE018EA,Transformer_621,Step-Up,20kV,10kV,88,2009-07-26,SUB-22B3106C,0.983,Active
TRF-AD01F9F5,Transformer_622,Step-Down,20kV,10kV,5,2010-07-13,SUB-DB0F9F12,0.986,Active
TRF-5AA9C652,Transformer_623,Distribution,400kV,110kV,73,2019-02-20,SUB-BC527554,0.989,Standby
TRF-14AF2EA3,Transformer_624,Step-Down,20kV,10kV,81,2000-11-02,SUB-4DF7C565,0.954,Standby
TRF-CCF086B3,Transformer_625,Distribution,400kV,110kV,76,2010-10-30,SUB-5651541E,0.974,Active
TRF-274927A9,Transformer_626,Power,20kV,10kV,32,2020-09-14,SUB-7C440BA9,0.957,Active
TRF-91AF61EA,Transformer_627,Distribution,400kV,110kV,57,2014-05-08,SUB-BC527554,0.968,Active
TRF-5C975C8A,Transformer_628,Distribution,110kV,20kV,19,2017-08-16,SUB-EE903A64,0.976,Active
TRF-012FE7D7,Transformer_629,Distribution,20kV,10kV,30,2007-04-30,SUB-F98EAA69,0.951,Active
TRF-69F6448D,Transformer_630,Distribution,400kV,110kV,19,2022-09-26,SUB-C031CE7E,0.967,Active
TRF-E7A14E24,Transformer_631,Power,400kV,110kV,71,2021-02-19,SUB-5651541E,0.967,Active
TRF-E1B97D8F,Transformer_632,Distribution,110kV,20kV,82,2012-11-26,SUB-EE903A64,0.976,Active
TRF-A642FAF4,Transformer_633,Step-Up,110kV,20kV,87,2024-09-29,SUB-7A97AF1F,0.981,Active
TRF-5F2FDD69,Transformer_634,Distribution,20kV,10kV,31,2008-09-07,SUB-DB0F9F12,0.986,Active
TRF-8A0F7874,Transformer_635,Step-Up,110kV,20kV,13,2023-10-27,SUB-EE903A64,0.976,Active
TRF-6EC8265F,Transformer_636,Step-Up,110kV,20kV,98,2005-03-27,SUB-7A97AF1F,0.969,Active
TRF-5B5B6FA2,Transformer_637,Step-Down,20kV,10kV,18,2005-07-15,SUB-5F509FF6,0.96,Active
TRF-9CE17F02,Transformer_638,Step-Down,20kV,10kV,13,2020-07-26,SUB-5F509FF6,0.962,Active
TRF-A9A24E1A,Transformer_639,Step-Up,400kV,110kV,10,2008-01-10,SUB-5651541E,0.968,Standby
TRF-27B66FEB,Transformer_640,Step-Up,400kV,110kV,80,2013-02-21,SUB-39ABA805,0.974,Active
TRF-975D64B6,Transformer_641,Power,400kV,110kV,10,2012-03-05,SUB-F0474D20,0.985,Active
TRF-93EA9AD1,Transformer_642,Distribution,20kV,10kV,20,2001-06-14,SUB-716960EF,0.974,Active
TRF-4EEFD747,Transformer_643,Step-Down,110kV,20kV,45,2011-05-08,SUB-DA21F592,0.967,Active
TRF-04032B1A,Transformer_644,Step-Up,20kV,10kV,47,2024-08-27,SUB-716960EF,0.963,Active
TRF-0F2C99BE,Transformer_645,Power,20kV,10kV,58,2015-12-31,SUB-4F94E9B4,0.979,Active
TRF-2C9683E2,Transformer_646,Power,110kV,20kV,69,2015-02-15,SUB-561304A2,0.984,Active
TRF-A9A9198F,Transformer_647,Step-Up,110kV,20kV,29,2022-10-03,SUB-C729E33A,0.965,Active
TRF-80D15076,Transformer_648,Distribution,110kV,20kV,15,2016-05-19,SUB-C0591BC3,0.967,Active
TRF-92ADAEC2,Transformer_649,Step-Up,110kV,20kV,85,2020-12-17,SUB-C75EB6D8,0.954,Active
TRF-A9D4A27A,Transformer_650,Step-Down,400kV,110kV,86,2016-05-05,SUB-C031CE7E,0.965,Standby
TRF-5D9D0770,Transformer_651,Step-Up,110kV,20kV,70,2009-06-09,SUB-094F8390,0.971,Standby
TRF-889D0013,Transformer_652,Step-Up,20kV,10kV,16,2017-06-20,SUB-33F8FA47,0.987,Active
TRF-C2D4195F,Transformer_653,Step-Up,20kV,10kV,17,2012-10-16,SUB-22B3106C,0.986,Standby
TRF-0C2DC494,Transformer_654,Power,20kV,10kV,12,2013-11-06,SUB-05059590,0.971,Standby
TRF-DD2F69BC,Transformer_655,Power,20kV,10kV,96,2003-06-24,SUB-2A63C9C8,0.983,Standby
TRF-D5379D65,Transformer_656,Distribution,110kV,20kV,22,2019-11-02,SUB-93BD374B,0.962,Active
TRF-2E23F36A,Transformer_657,Step-Down,20kV,10kV,78,2007-07-17,SUB-71D70482,0.963,Active
TRF-8DA04311,Transformer_658,Step-Up,400kV,110kV,27,2013-12-09,SUB-C031CE7E,0.976,Active
TRF-0A413A17,Transformer_659,Power,110kV,20kV,17,2022-12-15,SUB-A5C4D691,0.953,Standby
TRF-5921A4D8,Transformer_660,Step-Up,20kV,10kV,99,2014-11-18,SUB-DB0F9F12,0.97,Active
TRF-2EFD2BF0,Transformer_661,Power,20kV,10kV,39,2024-11-25,SUB-45668198,0.981,Active
TRF-8D0FD5FE,Transformer_662,Step-Up,110kV,20kV,73,2013-05-06,SUB-83DE65C0,0.971,Active
TRF-7B57C6C2,Transformer_663,Distribution,20kV,10kV,59,2000-08-06,SUB-DF8BD915,0.982,Active
TRF-CDE86A03,Transformer_664,Step-Up,400kV,110kV,1,2005-09-01,SUB-BC527554,0.984,Active
TRF-0AB555BF,Transformer_665,Power,400kV,110kV,98,2018-05-20,SUB-0F2A0504,0.969,Active
TRF-7783FF93,Transformer_666,Distribution,20kV,10kV,91,2015-03-14,SUB-45668198,0.977,Active
TRF-82A62BFE,Transformer_667,Step-Down,110kV,20kV,72,2014-11-21,SUB-561304A2,0.97,Active
TRF-092C0E21,Transformer_668,Step-Up,110kV,20kV,84,2024-02-23,SUB-F8A6B751,0.976,Active
TRF-6D1117C8,Transformer_669,Power,20kV,10kV,20,2019-01-17,SUB-716960EF,0.961,Active
TRF-682AF986,Transformer_670,Step-Down,20kV,10kV,17,2013-08-04,SUB-4DF7C565,0.979,Active
TRF-B9ED7385,Transformer_671,Distribution,110kV,20kV,43,2001-11-08,SUB-3CAB5FA0,0.972,Active
TRF-CE2285F2,Transformer_672,Distribution,20kV,10kV,21,2011-04-10,SUB-3441C817,0.966,Active
TRF-513494A1,Transformer_673,Power,110kV,20kV,89,2008-11-25,SUB-A5C4D691,0.969,Active
TRF-28EDDDF8,Transformer_674,Distribution,20kV,10kV,97,2005-01-26,SUB-8DC649C6,0.968,Standby
TRF-B39A11B8,Transformer_675,Distribution,20kV,10kV,81,2011-02-28,SUB-8DC649C6,0.98,Active
TRF-E030BC53,Transformer_676,Power,20kV,10kV,95,2005-08-22,SUB-E0FDF4F5,0.972,Active
TRF-50556735,Transformer_677,Power,20kV,10kV,56,2003-06-04,SUB-7C440BA9,0.973,Active
TRF-23350537,Transformer_678,Power,110kV,20kV,40,2022-08-20,SUB-B36B0359,0.965,Active
TRF-0250A9D7,Transformer_679,Step-Down,110kV,20kV,26,2007-11-08,SUB-A5C4D691,0.985,Active
TRF-E76BD6C8,Transformer_680,Distribution,110kV,20kV,92,2003-11-11,SUB-C0591BC3,0.954,Standby
TRF-C881C0FF,Transformer_681,Step-Down,110kV,20kV,11,2000-03-21,SUB-AB0AC15E,0.952,Active
TRF-2F2CE34B,Transformer_682,Step-Up,110kV,20kV,54,2013-11-15,SUB-E4F41F7A,0.986,Active
TRF-02B2443A,Transformer_683,Distribution,20kV,10kV,58,2022-06-10,SUB-2685375B,0.956,Standby
TRF-A1B32B60,Transformer_684,Distribution,20kV,10kV,100,2012-12-15,SUB-3441C817,0.957,Active
TRF-796D4F92,Transformer_685,Step-Down,20kV,10kV,3,2016-03-14,SUB-5F509FF6,0.958,Active
TRF-897234B4,Transformer_686,Distribution,400kV,110kV,80,2013-06-07,SUB-5651541E,0.982,Active
TRF-64D62910,Transformer_687,Step-Down,20kV,10kV,78,2015-08-07,SUB-8DC649C6,0.986,Standby
TRF-424298DC,Transformer_688,Power,110kV,20kV,15,2022-09-04,SUB-AB0AC15E,0.985,Standby
TRF-9EE7DA66,Transformer_689,Distribution,400kV,110kV,48,2006-01-04,SUB-0F2A0504,0.961,Active
TRF-151EF5FB,Transformer_690,Power,400kV,110kV,22,2012-08-12,SUB-B73B3315,0.951,Active
TRF-0499EBEE,Transformer_691,Power,20kV,10kV,21,2016-02-17,SUB-753DF0FA,0.988,Standby
TRF-8FC412EE,Transformer_692,Power,110kV,20kV,70,2023-11-07,SUB-B36B0359,0.981,Active
TRF-3985548C,Transformer_693,Step-Up,110kV,20kV,91,2022-04-30,SUB-83DE65C0,0.98,Active
TRF-0995DFC9,Transformer_694,Step-Down,20kV,10kV,57,2023-08-30,SUB-8DC649C6,0.955,Active
TRF-EBFD2A7E,Transformer_695,Power,400kV,110kV,65,2013-02-03,SUB-F0474D20,0.951,Active
TRF-60201D81,Transformer_696,Step-Up,110kV,20kV,72,2011-02-06,SUB-DA21F592,0.979,Active
TRF-F79CD9A0,Transformer_697,Power,110kV,20kV,46,2010-05-21,SUB-77EE3F2A,0.974,Active
TRF-4444B3C3,Transformer_698,Power,400kV,110kV,83,2004-11-17,SUB-F0474D20,0.983,Standby
TRF-A6A37DB7,Transformer_699,Step-Down,20kV,10kV,69,2001-05-29,SUB-33F8FA47,0.952,Standby
TRF-9F6E36D2,Transformer_700,Power,20kV,10kV,43,2020-01-18,SUB-50FF5DDB,0.973,Active
TRF-16AA895A,Transformer_701,Distribution,20kV,10kV,50,2017-10-18,SUB-7C440BA9,0.99,Active
TRF-B7500BE7,Transformer_702,Distribution,110kV,20kV,6,2022-09-16,SUB-C75EB6D8,0.984,Standby
TRF-04256928,Transformer_703,Power,400kV,110kV,15,2014-06-15,SUB-B73B3315,0.968,Standby
TRF-0F8ED328,Transformer_704,Step-Down,110kV,20kV,60,2007-01-13,SUB-DA21F592,0.97,Active
TRF-4F984064,Transformer_705,Distribution,20kV,10kV,5,2002-10-16,SUB-2A63C9C8,0.986,Standby
TRF-E0EFBB20,Transformer_706,Step-Up,400kV,110kV,9,2016-06-14,SUB-0F2A0504,0.978,Standby
TRF-851B820C,Transformer_707,Step-Down,400kV,110kV,54,2015-09-14,SUB-F0A4FA13,0.981,Active
TRF-254482B2,Transformer_708,Step-Down,20kV,10kV,66,2024-01-17,SUB-753DF0FA,0.989,Active
TRF-5D4941B0,Transformer_709,Power,400kV,110kV,94,2002-12-14,SUB-39ABA805,0.978,Active
TRF-C74B2789,Transformer_710,Distribution,110kV,20kV,50,2012-10-04,SUB-3CAB5FA0,0.961,Active
TRF-1A519A7B,Transformer_711,Power,110kV,20kV,83,2012-01-10,SUB-C75EB6D8,0.987,Standby
TRF-EE688953,Transformer_712,Power,110kV,20kV,14,2003-10-22,SUB-77EE3F2A,0.988,Active
TRF-6FDFD775,Transformer_713,Step-Up,110kV,20kV,70,2006-08-09,SUB-93BD374B,0.987,Standby
TRF-6C438A0A,Transformer_714,Step-Up,20kV,10kV,9,2001-10-24,SUB-50FF5DDB,0.954,Standby
TRF-571621EB,Transformer_715,Power,20kV,10kV,66,2001-02-03,SUB-50FF5DDB,0.976,Active
TRF-2C08C4F9,Transformer_716,Power,400kV,110kV,34,2006-08-18,SUB-F0A4FA13,0.986,Standby
TRF-3E59CA9A,Transformer_717,Step-Down,400kV,110kV,35,2021-10-23,SUB-39ABA805,0.987,Active
TRF-E6E595B4,Transformer_718,Step-Down,110kV,20kV,51,2021-01-30,SUB-C0591BC3,0.975,Active
TRF-4B4D7298,Transformer_719,Step-Down,400kV,110kV,1,2007-01-24,SUB-0F2A0504,0.969,Standby
TRF-10EAFFA5,Transformer_720,Power,110kV,20kV,61,2004-12-29,SUB-B36B0359,0.989,Active
TRF-B5C5625F,Transformer_721,Step-Down,20kV,10kV,83,2007-05-10,SUB-DF8BD915,0.971,Standby
TRF-D9EDEAEF,Transformer_722,Step-Up,20kV,10kV,23,2007-01-15,SUB-7C440BA9,0.99,Active
TRF-FD7D0425,Transformer_723,Step-Up,400kV,110kV,68,2009-06-10,SUB-BC527554,0.987,Active
TRF-C0D2B35D,Transformer_724,Step-Down,20kV,10kV,33,2000-02-19,SUB-B69A270A,0.97,Active
TRF-685068FC,Transformer_725,Distribution,110kV,20kV,70,2019-06-30,SUB-93BD374B,0.953,Active
TRF-9098F318,Transformer_726,Step-Down,20kV,10kV,65,2011-09-05,SUB-3441C817,0.958,Active
TRF-0FEE19EA,Transformer_727,Step-Down,110kV,20kV,12,2002-10-31,SUB-DA21F592,0.965,Active
TRF-5A779FC7,Transformer_728,Power,20kV,10kV,2,2003-09-29,SUB-4DF7C565,0.967,Active
TRF-766B76A3,Transformer_729,Step-Down,20kV,10kV,16,2015-05-21,SUB-50FF5DDB,0.972,Active
TRF-3CC61D2D,Transformer_730,Distribution,20kV,10kV,92,2004-11-08,SUB-5F509FF6,0.952,Active
TRF-D4181B4A,Transformer_731,Step-Up,20kV,10kV,63,2014-03-26,SUB-71D70482,0.953,Active
TRF-374D10EB,Transformer_732,Distribution,20kV,10kV,23,2015-10-04,SUB-45668198,0.951,Active
TRF-022AA10C,Transformer_733,Step-Down,110kV,20kV,30,2000-05-11,SUB-DA21F592,0.961,Active
TRF-C78D1280,Transformer_734,Step-Up,400kV,110kV,16,2001-12-06,SUB-F0474D20,0.971,Standby
TRF-E76D101B,Transformer_735,Step-Up,110kV,20kV,67,2004-01-16,SUB-93BD374B,0.974,Active
TRF-8646A9C9,Transformer_736,Step-Down,20kV,10kV,41,2015-09-17,SUB-33F8FA47,0.951,Active
TRF-21BE5E59,Transformer_737,Step-Up,20kV,10kV,26,2021-03-09,SUB-E0FDF4F5,0.984,Active
TRF-72988B9C,Transformer_738,Step-Down,110kV,20kV,5,2019-05-11,SUB-C75EB6D8,0.972,Standby
TRF-E680F66A,Transformer_739,Power,20kV,10kV,87,2007-03-10,SUB-716960EF,0.955,Active
TRF-F4A50547,Transformer_740,Distribution,110kV,20kV,26,2023-01-17,SUB-3CAB5FA0,0.985,Active
TRF-F533500E,Transformer_741,Power,20kV,10kV,25,2004-12-10,SUB-F98EAA69,0.985,Active
TRF-6482900D,Transformer_742,Power,20kV,10kV,99,2001-11-04,SUB-716960EF,0.951,Active
TRF-9FD98202,Transformer_743,Step-Up,20kV,10kV,45,2020-07-10,SUB-2A63C9C8,0.972,Active
TRF-7F842C66,Transformer_744,Power,20kV,10kV,22,2012-05-15,SUB-2A63C9C8,0.975,Standby
TRF-AA0A3F66,Transformer_745,Distribution,20kV,10kV,51,2002-07-07,SUB-753DF0FA,0.96,Active
TRF-7AA1CE6C,Transformer_746,Step-Up,20kV,10kV,94,2023-07-16,SUB-F98EAA69,0.971,Active
TRF-AB387FAC,Transformer_747,Distribution,20kV,10kV,78,2013-12-23,SUB-2685375B,0.952,Active
TRF-CA866BB8,Transformer_748,Distribution,20kV,10kV,39,2013-05-28,SUB-05059590,0.974,Standby
TRF-A5902F4D,Transformer_749,Power,110kV,20kV,13,2004-09-15,SUB-C729E33A,0.989,Standby
TRF-9DCB9331,Transformer_750,Step-Down,110kV,20kV,57,2024-09-01,SUB-A5C4D691,0.951,Active
TRF-BC9FD91D,Transformer_751,Step-Down,400kV,110kV,95,2020-02-22,SUB-0F2A0504,0.965,Active
TRF-D954370F,Transformer_752,Distribution,20kV,10kV,8,2017-04-27,SUB-B69A270A,0.95,Active
TRF-526BEAA5,Transformer_753,Step-Up,110kV,20kV,69,2021-12-18,SUB-094F8390,0.97,Active
TRF-4C1CDA5C,Transformer_754,Distribution,20kV,10kV,63,2018-05-21,SUB-DF8BD915,0.969,Active
TRF-73F7C616,Transformer_755,Step-Up,20kV,10kV,3,2011-02-15,SUB-05059590,0.975,Active
TRF-A6A4D223,Transformer_756,Distribution,110kV,20kV,85,2019-07-17,SUB-77EE3F2A,0.981,Active
TRF-958E664E,Transformer_757,Power,20kV,10kV,26,2021-06-12,SUB-753DF0FA,0.975,Active
TRF-07262C24,Transformer_758,Distribution,110kV,20kV,51,2006-06-26,SUB-561304A2,0.954,Active
TRF-C78BD4D4,Transformer_759,Step-Down,400kV,110kV,33,2024-12-22,SUB-BC527554,0.972,Active
TRF-C98359DB,Transformer_760,Step-Up,400kV,110kV,38,2024-06-19,SUB-0F2A0504,0.977,Active
TRF-491C717B,Transformer_761,Power,20kV,10kV,30,2001-12-05,SUB-22B3106C,0.962,Standby
TRF-5E508577,Transformer_762,Step-Up,400kV,110kV,66,2007-11-20,SUB-2362C85A,0.987,Active
TRF-56B0F9C6,Transformer_763,Step-Down,20kV,10kV,93,2003-05-17,SUB-F98EAA69,0.969,Standby
TRF-308A15FF,Transformer_764,Distribution,20kV,10kV,25,2023-04-13,SUB-5F509FF6,0.969,Active
TRF-B157CFA1,Transformer_765,Step-Down,110kV,20kV,29,2001-04-12,SUB-93BD374B,0.955,Active
TRF-045D0C4D,Transformer_766,Distribution,20kV,10kV,44,2002-10-11,SUB-716960EF,0.95,Active
TRF-270D6A38,Transformer_767,Step-Up,20kV,10kV,50,2001-07-29,SUB-33F8FA47,0.974,Active
TRF-95B0C3F2,Transformer_768,Step-Up,110kV,20kV,4,2002-03-28,SUB-AB0AC15E,0.988,Active
TRF-B96CAB5D,Transformer_769,Step-Down,110kV,20kV,23,2001-12-27,SUB-561304A2,0.976,Active
TRF-3D8FF9F3,Transformer_770,Step-Down,110kV,20kV,9,2001-11-22,SUB-C75EB6D8,0.961,Active
TRF-4DCD3A3F,Transformer_771,Step-Down,110kV,20kV,52,2015-03-31,SUB-A5C4D691,0.967,Active
TRF-D549662B,Transformer_772,Distribution,110kV,20kV,56,2009-08-18,SUB-C729E33A,0.99,Active
TRF-472F2640,Transformer_773,Distribution,20kV,10kV,31,2018-12-28,SUB-E0FDF4F5,0.955,Active
TRF-27F4C203,Transformer_774,Distribution,400kV,110kV,26,2018-06-19,SUB-BC527554,0.985,Standby
TRF-10DE6469,Transformer_775,Step-Up,110kV,20kV,3,2009-02-12,SUB-E4F41F7A,0.98,Active
TRF-4E47D05A,Transformer_776,Step-Up,110kV,20kV,22,2005-03-15,SUB-094F8390,0.965,Standby
TRF-2CE9C9CD,Transformer_777,Distribution,110kV,20kV,40,2006-04-06,SUB-E4F41F7A,0.973,Standby
TRF-978D00B2,Transformer_778,Step-Up,400kV,110kV,11,2023-04-16,SUB-C031CE7E,0.962,Active
TRF-D1A160DC,Transformer_779,Distribution,20kV,10kV,97,2007-08-31,SUB-5F509FF6,0.981,Active
TRF-E9384DB2,Transformer_780,Power,20kV,10kV,55,2009-09-09,SUB-DF8BD915,0.974,Standby
TRF-8A1E6846,Transformer_781,Distribution,20kV,10kV,23,2012-12-30,SUB-22B3106C,0.978,Active
TRF-9A52C354,Transformer_782,Step-Up,20kV,10kV,96,2009-11-15,SUB-716960EF,0.984,Active
TRF-13AB485E,Transformer_783,Power,20kV,10kV,44,2012-07-10,SUB-F98EAA69,0.954,Active
TRF-F737FF89,Transformer_784,Distribution,110kV,20kV,45,2005-05-12,SUB-DA21F592,0.989,Active
TRF-67EFA29F,Transformer_785,Step-Down,400kV,110kV,38,2006-06-07,SUB-7C38593A,0.978,Active
TRF-DDC04DD5,Transformer_786,Power,20kV,10kV,3,2019-05-02,SUB-50FF5DDB,0.976,Active
TRF-89F6C13A,Transformer_787,Step-Up,110kV,20kV,23,2007-07-25,SUB-094F8390,0.972,Active
TRF-A96E1F13,Transformer_788,Step-Up,400kV,110kV,47,2006-03-30,SUB-39ABA805,0.961,Active
TRF-522437CA,Transformer_789,Step-Up,110kV,20kV,5,2000-02-27,SUB-094F8390,0.969,Active
TRF-4FC3BFAB,Transformer_790,Step-Down,400kV,110kV,7,2012-04-30,SUB-F0474D20,0.973,Standby
TRF-CDD97FCD,Transformer_791,Step-Up,110kV,20kV,19,2014-07-25,SUB-AB0AC15E,0.982,Active
TRF-C482357A,Transformer_792,Step-Up,20kV,10kV,90,2024-09-22,SUB-8DC649C6,0.95,Active
TRF-13D3FF89,Transformer_793,Power,20kV,10kV,74,2005-02-08,SUB-33F8FA47,0.955,Active
TRF-1281716B,Transformer_794,Step-Up,20kV,10kV,24,2006-01-28,SUB-DB0F9F12,0.957,Standby
TRF-8A540AE6,Transformer_795,Step-Down,110kV,20kV,44,2023-07-07,SUB-094F8390,0.978,Active
TRF-4D7CBE42,Transformer_796,Distribution,110kV,20kV,17,2021-03-23,SUB-F8A6B751,0.981,Standby
TRF-FBDFA611,Transformer_797,Power,20kV,10kV,98,2001-06-28,SUB-5F509FF6,0.968,Active
TRF-2D7E8F64,Transformer_798,Step-Down,110kV,20kV,98,2003-09-08,SUB-93BD374B,0.975,Active
TRF-C8E4D802,Transformer_799,Distribution,110kV,20kV,75,2024-09-28,SUB-AB0AC15E,0.982,Active
TRF-47CA2566,Transformer_800,Step-Down,400kV,110kV,12,2009-03-11,SUB-2362C85A,0.971,Standby
